run,completion_year,completion_step,rocket_lost_tons,total_cost_usd,elevator_cost_usd,rocket_cost_usd
0,2077.4166666666665,329,100491.44372988207,1206213733896.0186,390120128083.4224,816093605812.5962
1,2077.4166666666665,329,97926.34132857595,1207572205769.8643,388929893911.55945,818642311858.3049
2,2077.3333333333335,328,95828.9585233534,1202277860190.5088,388860027599.8772,813417832590.6316
3,2077.3333333333335,328,91083.80575415626,1203577904152.5256,388967464062.4315,814610440090.0941
4,2077.3333333333335,328,101047.53846653765,1204562960843.4321,388848599668.9343,815714361174.4978
5,2077.4166666666665,329,98592.41793016589,1205474143615.187,389087748604.20447,816386395010.9824
6,2077.3333333333335,328,87708.58628591505,1204022283805.9004,388316807815.18445,815705475990.7158
7,2077.4166666666665,329,92286.58628839607,1205172567928.5457,388904090985.9405,816268476942.6051
8,2077.4166666666665,329,95991.62537018125,1205317150243.5308,388651478284.67285,816665671958.8578
9,2077.3333333333335,328,93268.2906935336,1204516928774.4702,388948601547.82007,815568327226.65
10,2077.4166666666665,329,87213.48880431731,1205563026677.424,388085241716.83325,817477784960.5908
11,2077.3333333333335,328,91969.46197138214,1203163476096.8545,388219497827.0752,814943978269.7792
12,2077.3333333333335,328,102500.73925289974,1203219447799.9346,388965605697.59424,814253842102.3403
13,2077.3333333333335,328,96646.78348325969,1204626639558.9446,389137837312.89404,815488802246.0505
14,2077.4166666666665,329,90250.80578391755,1205155175394.1443,388690118897.9976,816465056496.1466
15,2077.4166666666665,329,104737.12325253926,1207277660850.3833,389779366911.2438,817498293939.1394
16,2077.3333333333335,328,96361.9492216189,1204344114405.037,389399364941.6537,814944749463.3833
17,2077.4166666666665,329,84395.46020141768,1204585678473.528,388650130086.1426,815935548387.3855
18,2077.4166666666665,329,97657.40546618821,1206968497244.1316,388348580864.34344,818619916379.7881
19,2077.3333333333335,328,87049.60099903707,1204022003406.2383,388149839404.58234,815872164001.656
20,2077.3333333333335,328,98227.27047857379,1204897152105.021,389528956517.3855,815368195587.6355
21,2077.4166666666665,329,97010.08224474016,1205151505905.3796,388776230119.562,816375275785.8176
22,2077.4166666666665,329,95932.45082223875,1205621717128.1123,388500523581.0065,817121193547.1058
23,2077.4166666666665,329,94195.50215120635,1205850960300.2612,388175479066.82837,817675481233.4329
24,2077.3333333333335,328,91624.1294367761,1204274485801.5186,389615776881.6919,814658708919.8268
25,2077.3333333333335,328,98177.99496062059,1203380935224.4014,388169346591.4883,815211588632.9131
26,2077.4166666666665,329,92141.86875045177,1204415545549.1216,388576740845.1632,815838804703.9585
27,2077.3333333333335,328,92775.19640989907,1204750546369.9219,389239036820.98267,815511509548.9392
28,2077.3333333333335,328,93238.13567523658,1204333007370.9229,389084063970.94446,815248943399.9784
29,2077.4166666666665,329,94463.08054343481,1206638664236.6465,389561223773.9563,817077440462.6903
30,2077.4166666666665,329,98998.67374891437,1206411260894.4233,389561843545.29846,816849417349.125
31,2077.3333333333335,328,97423.3685422844,1204197552251.099,388665091221.78796,815532461029.311
32,2077.4166666666665,329,104659.30889707166,1204999897517.399,388950783713.30334,816049113804.0956
33,2077.4166666666665,329,94207.69413196307,1205973572355.1794,389266401338.0964,816707171017.083
34,2077.4166666666665,329,99826.18922198613,1206327294126.7788,388723122592.14,817604171534.6389
35,2077.3333333333335,328,96884.09884015971,1203417606064.491,388508259460.7219,814909346603.769
36,2077.3333333333335,328,94374.60578862323,1202437188710.0273,388655290177.62445,813781898532.4028
37,2077.3333333333335,328,97309.4669209158,1204623446139.4258,389250233463.4651,815373212675.9607
38,2077.4166666666665,329,92330.88405625231,1204728602490.292,388745798094.3198,815982804395.9723
39,2077.3333333333335,328,96000.60181925274,1202278346131.1433,388716997310.03784,813561348821.1055
40,2077.4166666666665,329,97163.64891262047,1204678856352.6875,388632896321.5492,816045960031.1382
41,2077.4166666666665,329,93245.83703240969,1205336153158.1882,389401111312.8418,815935041845.3464
42,2077.4166666666665,329,96263.88292849241,1207418168422.5977,389396823138.57056,818021345284.0272
43,2077.4166666666665,329,96965.9829449614,1205851022506.313,389881191469.90295,815969831036.41
44,2077.4166666666665,329,100300.66767705261,1205502969203.3413,389528135365.6013,815974833837.7401
45,2077.4166666666665,329,93622.88921689859,1209486771964.6094,389428235601.47253,820058536363.137
46,2077.4166666666665,329,89355.6181030008,1205300987750.6858,388904283853.61487,816396703897.0709
47,2077.4166666666665,329,99040.83903887626,1205670203932.579,389834424105.12726,815835779827.4519
48,2077.3333333333335,328,91543.33705567637,1204032352386.2224,388653226503.57324,815379125882.6492
49,2077.4166666666665,329,97086.6692821222,1205887054947.2231,389337893123.38684,816549161823.8364
50,2077.3333333333335,328,91819.26958671803,1203367806695.7917,388709238599.8583,814658568095.9335
51,2077.3333333333335,328,96758.87403005085,1204296654172.5872,388862240833.0988,815434413339.4884
52,2077.4166666666665,329,101628.14400558599,1206759001352.4988,389326025426.1572,817432975926.3416
53,2077.4166666666665,329,98916.36307474847,1206872267503.6455,389188221690.3694,817684045813.2762
54,2077.3333333333335,328,98687.9954858098,1203420775530.7026,388885956513.3418,814534819017.3608
55,2077.4166666666665,329,100174.77071940056,1206271346753.814,389512724881.1879,816758621872.626
56,2077.4166666666665,329,96064.43815083685,1206486455724.409,389670657623.9546,816815798100.4543
57,2077.4166666666665,329,98208.10011667537,1205698638611.8184,389461920715.23486,816236717896.5835
58,2077.4166666666665,329,92346.64746777408,1205811951963.232,389731622602.1222,816080329361.1096
59,2077.4166666666665,329,91031.20018089502,1205866233822.0364,388778704165.9724,817087529656.064
60,2077.4166666666665,329,102164.6624728017,1206473242575.893,389864887671.75385,816608354904.1392
61,2077.4166666666665,329,91030.55591145452,1205184559088.6953,389112769709.04517,816071789379.65
62,2077.4166666666665,329,94264.36537304369,1207299490639.711,389714292390.1796,817585198249.5314
63,2077.4166666666665,329,87268.0950905194,1205080936458.3198,388497782012.6013,816583154445.7184
64,2077.3333333333335,328,96815.82159538599,1202128917792.3381,388622660543.27344,813506257249.0647
65,2077.4166666666665,329,96579.62223105885,1206179306502.6584,388999905798.7163,817179400703.9421
66,2077.3333333333335,328,97106.01277149071,1204343707146.8484,389370299860.6444,814973407286.204
67,2077.3333333333335,328,92120.21490641686,1204510401430.2563,389150869569.5829,815359531860.6733
68,2077.3333333333335,328,95473.48603921401,1203632937906.62,388886558630.1944,814746379276.4257
69,2077.4166666666665,329,98298.81791662119,1206665543174.5332,389505267190.90076,817160275983.6324
70,2077.4166666666665,329,91756.49219951678,1205655746728.7832,389102924303.4044,816552822425.3787
71,2077.3333333333335,328,104277.27216907128,1203085291119.4575,389060259722.0849,814025031397.3726
72,2077.3333333333335,328,93546.78801623323,1203041853160.3105,388615524560.1802,814426328600.1305
73,2077.3333333333335,328,95766.04943727683,1204517996008.5676,389427877409.2276,815090118599.34
74,2077.3333333333335,328,88624.4898640718,1203869650104.4985,388585632356.41125,815284017748.0874
75,2077.4166666666665,329,92263.29212310155,1207415564408.3198,388758788739.4758,818656775668.8439
76,2077.4166666666665,329,101966.05327841485,1204892827412.1304,388453952903.307,816438874508.8232
77,2077.4166666666665,329,100223.50766396483,1205931740993.2056,389296859114.61804,816634881878.5876
78,2077.3333333333335,328,89650.62199278343,1204415676531.3477,389091394373.51245,815324282157.8353
79,2077.4166666666665,329,96964.99039832465,1205585128441.5117,389189270717.3523,816395857724.1595
80,2077.3333333333335,328,95930.89284375231,1204948947122.1802,389241658779.31085,815707288342.8694
81,2077.3333333333335,328,98281.00101519856,1204641322591.6345,388952343598.09357,815688978993.541
82,2077.4166666666665,329,96271.00419431775,1204460044292.96,388580371858.27185,815879672434.6881
83,2077.3333333333335,328,96290.35590023972,1204641608113.996,389306983312.90125,815334624801.0947
84,2077.4166666666665,329,88036.50659336816,1205810176009.9097,388853521526.8082,816956654483.1016
85,2077.4166666666665,329,98605.00306373253,1204630963514.3809,388685706859.3625,815945256655.0183
86,2077.4166666666665,329,92289.31581801065,1206104564476.747,388727579125.3771,817376985351.37
87,2077.4166666666665,329,93103.55437440684,1206053235964.1948,388767739703.9862,817285496260.2085
88,2077.4166666666665,329,100289.29979488422,1206623640455.8325,389841116674.4833,816782523781.3491
89,2077.3333333333335,328,88738.01129088148,1204807754683.9812,389062355660.7171,815745399023.2642
90,2077.4166666666665,329,101231.04168002654,1207455063911.4773,388879488018.938,818575575892.5393
91,2077.4166666666665,329,95038.56117891998,1205246696280.1667,389261487370.46875,815985208909.698
92,2077.3333333333335,328,93611.06732506362,1204011652019.8389,388388329358.5729,815623322661.2659
93,2077.4166666666665,329,92217.52959088395,1205631705694.3237,389380491572.9513,816251214121.3726
94,2077.4166666666665,329,99732.2686325161,1205849844987.2776,388770884038.9598,817078960948.3177
95,2077.3333333333335,328,100540.45448003312,1204598257905.6362,389263901811.49084,815334356094.1453
96,2077.3333333333335,328,94180.32041525803,1203660249642.0083,388992070316.1294,814668179325.8789
97,2077.3333333333335,328,93458.65935953768,1204331762735.759,389130232773.0635,815201529962.6956
98,2077.4166666666665,329,99410.8050758401,1205056673372.2495,389184804514.4658,815871868857.7836
99,2077.3333333333335,328,103404.99701156652,1205033981436.1128,389375270448.5542,815658710987.5585
100,2077.4166666666665,329,99715.75186481653,1206544773922.585,388652515940.1063,817892257982.4786
101,2077.4166666666665,329,93706.66991353914,1205585406123.1606,388446119845.2532,817139286277.9075
102,2077.3333333333335,328,93472.77214629753,1203504095192.7246,387952537612.2893,815551557580.4354
103,2077.4166666666665,329,100128.50644405602,1205512520203.1978,389510433097.86487,816002087105.3328
104,2077.4166666666665,329,94668.45875629982,1205831433782.18,389339247899.2986,816492185882.8813
105,2077.3333333333335,328,97965.77557289845,1203607552775.6,388468924475.92694,815138628299.6731
106,2077.4166666666665,329,96912.8148920901,1206503546067.7227,389424825324.18396,817078720743.5387
107,2077.4166666666665,329,90063.36080909026,1205205597254.8494,388751394615.4011,816454202639.4482
108,2077.3333333333335,328,95005.23859555292,1203526265468.5906,389089255454.88196,814437010013.7086
109,2077.3333333333335,328,104937.96016157974,1204100487421.9126,388992953788.8954,815107533633.0171
110,2077.3333333333335,328,105268.82699230494,1204811227069.8535,389911420001.8152,814899807068.0383
111,2077.3333333333335,328,90465.83229396192,1205293202004.04,389417953169.584,815875248834.4562
112,2077.4166666666665,329,95375.73068684211,1204976477655.3433,388404511812.2002,816571965843.1431
113,2077.4166666666665,329,91342.61311741307,1205869067437.398,389030133404.79407,816838934032.604
114,2077.4166666666665,329,101182.62297236192,1205432298273.7827,388790574017.12225,816641724256.6604
115,2077.4166666666665,329,97226.73211117616,1206741101214.9978,389141443003.51776,817599658211.4801
116,2077.4166666666665,329,94774.55327807323,1205459445721.5022,389037232590.63074,816422213130.8715
117,2077.3333333333335,328,92609.75408254818,1203087823664.758,388301345048.9802,814786478615.7778
118,2077.3333333333335,328,91057.3736750807,1203543544238.3306,388144192089.6826,815399352148.6481
119,2077.3333333333335,328,98956.59991735747,1203457610192.2622,389230852479.7219,814226757712.5402
120,2077.4166666666665,329,93682.67482806738,1205862594085.8042,389334826323.82996,816527767761.9744
121,2077.3333333333335,328,95969.26650262752,1203209016593.179,388608905959.08295,814600110634.096
122,2077.3333333333335,328,102201.4836746536,1204899481840.849,389690765370.492,815208716470.3572
123,2077.3333333333335,328,97817.54658446592,1204739247121.7249,389305640059.9276,815433607061.7972
124,2077.3333333333335,328,89297.99009176952,1204356033491.5693,389160919973.781,815195113517.7883
125,2077.4166666666665,329,94203.88333970573,1205932504152.972,388802463046.5825,817130041106.3894
126,2077.4166666666665,329,94147.14328031275,1206425676732.0022,388643872470.6844,817781804261.3177
127,2077.4166666666665,329,95946.77549908197,1205483197240.6895,389400108531.6124,816083088709.0769
128,2077.3333333333335,328,92452.53965072776,1203795261121.0757,389039994872.5789,814755266248.4967
129,2077.3333333333335,328,92257.53817895334,1205253020152.5674,389453350037.13586,815799670115.4315
130,2077.3333333333335,328,98149.8089368613,1204171588817.5652,389423654132.4636,814747934685.1016
131,2077.3333333333335,328,91178.80994422667,1204428761048.5103,388681196500.9276,815747564547.5825
132,2077.3333333333335,328,97090.42091997169,1204963466811.9614,389648521683.2317,815314945128.7297
133,2077.4166666666665,329,94775.00594856303,1205727494161.7427,389135757746.95386,816591736414.789
134,2077.4166666666665,329,98554.83554054692,1205645610947.9087,388659504361.3451,816986106586.5635
135,2077.3333333333335,328,96167.57551898417,1203564806476.4976,388970708964.8063,814594097511.6913
136,2077.4166666666665,329,102114.28324049467,1204851979116.606,388475198430.05615,816376780686.5497
137,2077.4166666666665,329,96006.71776591093,1205304870705.274,389009728518.9689,816295142186.3052
138,2077.4166666666665,329,95149.99273186318,1204744684372.4233,388446920006.33997,816297764366.0834
139,2077.4166666666665,329,93958.77426488405,1205656170018.0347,389495070750.19214,816161099267.8425
140,2077.4166666666665,329,98651.1753105837,1205479869876.753,389325414461.03723,816154455415.7157
141,2077.4166666666665,329,91096.25069650968,1203966976842.2036,388032500860.3436,815934475981.8599
142,2077.3333333333335,328,95287.18623583371,1204542145744.4983,389021841807.2878,815520303937.2106
143,2077.4166666666665,329,95143.88649247348,1205303245905.2021,389117288804.66736,816185957100.5347
144,2077.4166666666665,329,92005.31368884866,1204846656000.711,388352455470.34094,816494200530.3701
145,2077.4166666666665,329,94012.14182105311,1205813176664.085,388980215627.8397,816832961036.2454
146,2077.3333333333335,328,97404.90143012193,1203233096959.3003,388591289086.96985,814641807872.3306
147,2077.3333333333335,328,90170.27673977826,1203424982379.6536,388492939037.4406,814932043342.213
148,2077.4166666666665,329,90324.36793745762,1205954314541.3904,389497296434.0489,816457018107.3416
149,2077.3333333333335,328,96799.96160171778,1203631641599.7808,389656569574.19446,813975072025.5864
150,2077.3333333333335,328,98738.59458342874,1205078136238.7583,389422458808.7394,815655677430.0189
151,2077.3333333333335,328,97177.00242553596,1204145621840.9297,389274864083.1,814870757757.8298
152,2077.4166666666665,329,89021.57648650388,1206167819268.9368,389021676439.7702,817146142829.1666
153,2077.3333333333335,328,90467.17973097764,1204112002564.2886,388274599496.78723,815837403067.5015
154,2077.4166666666665,329,94345.42132394394,1204165858962.4092,387781729438.7731,816384129523.636
155,2077.3333333333335,328,95322.12210634013,1204763188471.517,389491251318.7374,815271937152.7795
156,2077.4166666666665,329,96093.58605184192,1204994625911.3018,388533858343.8041,816460767567.4977
157,2077.3333333333335,328,105939.0007485038,1205016415937.443,389717546620.17224,815298869317.2709
158,2077.4166666666665,329,98804.1214846318,1205131249054.4314,388835521739.6822,816295727314.7493
159,2077.4166666666665,329,96548.35135347654,1207048288420.442,389826909107.1079,817221379313.3341
160,2077.4166666666665,329,98689.45815692388,1205495807495.6797,389277402787.15485,816218404708.5248
161,2077.4166666666665,329,95520.65635161827,1205457092233.8699,389050835053.70935,816406257180.1605
162,2077.4166666666665,329,92236.49778389581,1205357667305.5479,388339672298.86743,817017995006.6804
163,2077.3333333333335,328,92422.40270910128,1204016921563.5056,388584459396.66644,815432462166.8392
164,2077.3333333333335,328,95104.05921760247,1204613606460.2393,388948752599.7361,815664853860.5032
165,2077.4166666666665,329,99327.3725675355,1205579371462.9653,389540110869.6786,816039260593.2869
166,2077.3333333333335,328,95477.77241937928,1205230661090.4683,389870230230.7583,815360430859.7098
167,2077.4166666666665,329,89040.32444670104,1207092635236.747,389261854666.4791,817830780570.2681
168,2077.4166666666665,329,104472.79727822827,1206591254190.0444,388985715410.63544,817605538779.409
169,2077.3333333333335,328,101059.41702305079,1203259443084.0757,388456395489.46704,814803047594.6086
170,2077.4166666666665,329,95760.5296443163,1205815449795.2444,388388157965.5344,817427291829.71
171,2077.3333333333335,328,100293.61286228008,1203862012596.1719,389116789230.5614,814745223365.6106
172,2077.3333333333335,328,94499.21837137279,1204764278068.8572,389052647067.0578,815711631001.7993
173,2077.4166666666665,329,97113.08844669684,1206832196628.4702,389515364714.0836,817316831914.3866
174,2077.4166666666665,329,97595.38101057736,1206515284929.86,388856745132.75525,817658539797.1049
175,2077.4166666666665,329,94571.09414075241,1206568873863.6484,389312728078.94476,817256145784.7036
176,2077.3333333333335,328,87779.88939882127,1203908620172.0684,389234342816.45984,814674277355.6084
177,2077.4166666666665,329,93460.3413998164,1206820079187.2344,388330964207.87573,818489114979.3586
178,2077.4166666666665,329,90018.40676494454,1205516641530.2703,388753300232.3652,816763341297.905
179,2077.4166666666665,329,94237.5401336315,1205389341907.7515,388430514739.2658,816958827168.4856
180,2077.3333333333335,328,97973.24569153627,1204390105412.415,389111178490.1472,815278926922.2678
181,2077.4166666666665,329,100037.33605059552,1205973481266.1628,389254654375.29004,816718826890.8728
182,2077.3333333333335,328,94826.94577503599,1205310361206.432,389453125063.3906,815857236143.0413
183,2077.4166666666665,329,93968.19779469381,1207122214348.6025,389574763591.1278,817547450757.4749
184,2077.4166666666665,329,95659.31800876712,1206281947385.5396,389116964811.91626,817164982573.6233
185,2077.3333333333335,328,97530.92617405535,1204650441799.851,388998402416.49927,815652039383.3518
186,2077.3333333333335,328,101116.59196294288,1204582447652.7014,389945676223.60175,814636771429.0996
187,2077.4166666666665,329,92901.73551273262,1205975343887.66,389064090304.06805,816911253583.5918
188,2077.4166666666665,329,94375.37306925576,1204962090036.3994,388700720433.38916,816261369603.0103
189,2077.3333333333335,328,92283.69239185692,1205151863105.7954,389273624064.44666,815878239041.3486
190,2077.4166666666665,329,95447.99670330854,1205204168917.1758,388866268384.8605,816337900532.3153
191,2077.4166666666665,329,102779.67278309556,1205881300797.4597,388845965637.9232,817035335159.5365
192,2077.3333333333335,328,95776.22113139128,1202874044525.6245,388249638776.1743,814624405749.4502
193,2077.4166666666665,329,97784.37896034232,1204956404333.9463,388708820364.22485,816247583969.7214
194,2077.4166666666665,329,89385.62139299222,1204189631233.8965,387860678796.6926,816328952437.2039
195,2077.4166666666665,329,89428.38415480695,1204265375677.4412,388152713613.6695,816112662063.7716
196,2077.3333333333335,328,92835.71644502302,1203160319311.4727,388191828661.08777,814968490650.385
197,2077.4166666666665,329,99340.66500842382,1208203089605.3198,388586279257.8413,819616810347.4784
198,2077.3333333333335,328,92751.6902984555,1204799994380.969,389114302938.7456,815685691442.2234
199,2077.3333333333335,328,103564.73196763967,1205110133178.903,389843010539.84186,815267122639.0613
200,2077.3333333333335,328,93899.49846682821,1202980336831.1646,389351023792.0818,813629313039.0828
201,2077.4166666666665,329,88823.01972016036,1205073475616.0322,388135467225.26953,816938008390.7627
202,2077.3333333333335,328,96575.16159069305,1204885863840.8845,389230087373.5874,815655776467.2971
203,2077.4166666666665,329,96777.56686743992,1205494046131.2925,389037567695.21497,816456478436.0776
204,2077.4166666666665,329,91189.58765635894,1206338014364.1836,389610128689.3911,816727885674.7925
205,2077.4166666666665,329,94212.21050537963,1205572386346.57,388769945071.31177,816802441275.2583
206,2077.4166666666665,329,100965.45631356261,1205862479990.6787,388868578327.9486,816993901662.7302
207,2077.3333333333335,328,96898.50906478774,1204280427931.058,389219063625.2837,815061364305.7743
208,2077.4166666666665,329,92013.93043162499,1208271978109.3591,390434557344.567,817837420764.7921
209,2077.3333333333335,328,97324.64934635196,1203443005226.275,388662247853.51013,814780757372.7649
210,2077.4166666666665,329,98772.52807091078,1204550518411.0464,388636130253.5149,815914388157.5315
211,2077.4166666666665,329,87967.02778309205,1205836385305.8926,388929646845.2776,816906738460.6149
212,2077.4166666666665,329,91958.94886931087,1205413641374.867,388416596880.8073,816997044494.0596
213,2077.4166666666665,329,98790.37538487671,1208662933727.962,389512929523.96375,819150004203.998
214,2077.4166666666665,329,93867.6144186341,1205968286858.808,389101047680.35547,816867239178.4528
215,2077.4166666666665,329,94903.7171321873,1206564149995.8857,389205504259.0553,817358645736.8306
216,2077.3333333333335,328,99618.25146601723,1204830934576.2683,389347607011.05597,815483327565.2123
217,2077.4166666666665,329,95153.09202844097,1205619818099.0562,389720658509.6602,815899159589.3959
218,2077.4166666666665,329,98630.78944181441,1207025974750.7559,390190882135.4968,816835092615.2589
219,2077.3333333333335,328,102811.8793529949,1204033259277.8928,389364986738.4509,814668272539.4419
220,2077.4166666666665,329,95188.79666699338,1205189297703.1165,388540651016.77814,816648646686.3384
221,2077.3333333333335,328,92211.97667745259,1204270619509.793,388537521856.1654,815733097653.6277
222,2077.3333333333335,328,94355.8114358576,1203276268277.2078,388732823808.33075,814543444468.877
223,2077.3333333333335,328,91508.0789803286,1202993844300.3208,388923079163.81116,814070765136.5096
224,2077.4166666666665,329,88362.86739578654,1206314552044.3271,389121479361.24475,817193072683.0825
225,2077.3333333333335,328,94493.98044659855,1204243236477.566,388776188000.83716,815467048476.7288
226,2077.4166666666665,329,103740.91188341976,1206779282750.3875,388690215436.02167,818089067314.3657
227,2077.4166666666665,329,98399.9565826886,1206108984804.6155,388554039654.22577,817554945150.3898
228,2077.4166666666665,329,92531.71254347215,1206373901971.7935,388413953276.68994,817959948695.1035
229,2077.4166666666665,329,94306.11323902498,1205962349987.8254,388532644842.27625,817429705145.5492
230,2077.3333333333335,328,97961.77158934812,1203659841844.6343,388655200559.86536,815004641284.7688
231,2077.4166666666665,329,98644.61003069897,1206106241584.1357,389491987614.8362,816614253969.2996
232,2077.3333333333335,328,94185.40354424794,1205223361837.462,390046807739.92773,815176554097.5343
233,2077.3333333333335,328,84031.72467074865,1203295882378.5107,388627267788.4387,814668614590.072
234,2077.3333333333335,328,84807.91575508978,1204467281177.149,388941265120.3605,815526016056.7886
235,2077.4166666666665,329,100648.42685609088,1205877789069.498,389545920840.7914,816331868228.7065
236,2077.3333333333335,328,97793.5491150452,1204094243524.8906,389481093138.7356,814613150386.1549
237,2077.3333333333335,328,90938.1360685463,1203749979771.7407,389449219753.74915,814300760017.9917
238,2077.3333333333335,328,87896.60143183223,1202522065055.8167,387853151988.75653,814668913067.06
239,2077.4166666666665,329,94575.87108827496,1205208082247.5566,389102138956.97626,816105943290.5803
240,2077.4166666666665,329,95656.99947369841,1207868964631.0366,389979848172.97034,817889116458.0662
241,2077.4166666666665,329,91696.31808612228,1205583187457.7783,389125414390.61176,816457773067.1665
242,2077.4166666666665,329,100456.98758539955,1206462158258.237,388793818184.8562,817668340073.3809
243,2077.3333333333335,328,97997.43008763666,1204860262552.0889,389022990426.8799,815837272125.209
244,2077.3333333333335,328,93732.01527503315,1204043259608.1216,389219166940.3717,814824092667.7498
245,2077.4166666666665,329,95919.11526468238,1205717957176.7769,388569316202.3534,817148640974.4235
246,2077.4166666666665,329,98817.02780791698,1205642114036.9478,389227201943.9337,816414912093.014
247,2077.4166666666665,329,94675.05854254944,1205475731797.81,388372437693.42944,817103294104.3807
248,2077.4166666666665,329,103188.41103704923,1206688021005.1658,389818082071.8059,816869938933.3599
249,2077.4166666666665,329,90345.53942888771,1206193268797.2517,388951723951.37354,817241544845.8782
250,2077.3333333333335,328,88400.86337825406,1204384823454.6724,390005544188.16736,814379279266.5051
251,2077.4166666666665,329,98013.92498780513,1205558384856.4043,389534821282.09033,816023563574.314
252,2077.3333333333335,328,91513.67461056776,1203449778146.3716,388801311704.09656,814648466442.2751
253,2077.4166666666665,329,90610.85595263155,1206189696440.6187,389058053155.71277,817131643284.9059
254,2077.4166666666665,329,101329.81586009549,1207321607538.71,389231629485.9287,818089978052.7812
255,2077.3333333333335,328,82987.09099765003,1204009188655.6863,389187223853.17975,814821964802.5066
256,2077.3333333333335,328,95949.33622136984,1204616061115.501,388790054675.704,815826006439.7969
257,2077.4166666666665,329,94875.38074891776,1207560881939.73,389770321235.1444,817790560704.5857
258,2077.4166666666665,329,93361.55487748305,1205391010030.2944,389118277692.57904,816272732337.7155
259,2077.3333333333335,328,101774.69562372657,1204483365397.7117,389281196094.6347,815202169303.077
260,2077.3333333333335,328,93656.95547833486,1202739967968.4954,388713957622.96643,814026010345.5289
261,2077.3333333333335,328,97056.91968605945,1204453836500.2688,389366712497.11646,815087124003.1523
262,2077.3333333333335,328,96420.78332133913,1203821579594.872,389100742250.5112,814720837344.3607
263,2077.3333333333335,328,94601.27121015727,1203236492558.6782,388464387022.1372,814772105536.5411
264,2077.4166666666665,329,90983.06025340305,1205658892908.4336,389615158822.6189,816043734085.8146
265,2077.3333333333335,328,98417.21826092049,1202894726415.31,389385254033.3906,813509472381.9194
266,2077.4166666666665,329,94994.18442637127,1204814869713.4868,388920402309.74866,815894467403.738
267,2077.3333333333335,328,101063.01663045294,1204956677918.2761,389425672386.21985,815531005532.0563
268,2077.4166666666665,329,87799.97996277694,1204765517911.3872,388691091671.1175,816074426240.2697
269,2077.3333333333335,328,100880.18268148298,1204116870981.8699,389456690398.21466,814660180583.6553
270,2077.3333333333335,328,99415.38934847657,1203950037345.562,388852019602.8363,815098017742.7256
271,2077.3333333333335,328,97953.15880834377,1203623669822.8657,388990178887.59814,814633490935.2676
272,2077.4166666666665,329,93748.03733734664,1204845590606.9053,388817830717.54944,816027759889.3557
273,2077.4166666666665,329,85962.90700730901,1205025929244.207,388760135366.2936,816265793877.9136
274,2077.4166666666665,329,92592.83396993976,1207638627104.2368,389634228287.5647,818004398816.6722
275,2077.3333333333335,328,95244.81887559555,1204321649567.9172,389197972973.4623,815123676594.455
276,2077.3333333333335,328,90347.33718364613,1205167370215.3608,389348054743.25,815819315472.111
277,2077.4166666666665,329,93203.22595177985,1205654041684.2969,388292809476.7347,817361232207.5621
278,2077.4166666666665,329,86569.68919679432,1206207629125.9307,389093982578.6045,817113646547.3263
279,2077.4166666666665,329,97915.92960866261,1205994973602.0242,389209509975.80634,816785463626.2179
280,2077.3333333333335,328,92255.70266717157,1203857578882.9668,388825018067.3,815032560815.6667
281,2077.4166666666665,329,99072.43211578445,1205218222678.3076,389177492321.7413,816040730356.5664
282,2077.4166666666665,329,99584.5550100175,1206409017705.1277,389350440554.989,817058577150.1387
283,2077.4166666666665,329,97366.17249600074,1205844724945.7358,389185480632.1196,816659244313.6162
284,2077.3333333333335,328,98861.74422892526,1203690001430.698,388596141144.10846,815093860286.5896
285,2077.4166666666665,329,88352.65547024421,1204679998697.078,387950482197.66296,816729516499.4149
286,2077.3333333333335,328,97195.68826412011,1204141221556.2126,389613064749.9806,814528156806.232
287,2077.3333333333335,328,87481.54121287505,1203641736256.2395,388558282862.30566,815083453393.9338
288,2077.4166666666665,329,95544.59634718495,1205100548180.4602,389184616591.6555,815915931588.8047
289,2077.3333333333335,328,93196.73693212766,1203334066352.9385,389185204976.5575,814148861376.3809
290,2077.3333333333335,328,87430.26241285037,1204271347698.5981,389329929076.667,814941418621.9313
291,2077.4166666666665,329,89252.0327859731,1205395702041.0723,389011203635.07587,816384498405.9963
292,2077.4166666666665,329,104063.53002885863,1206488842413.178,389055177842.28345,817433664570.8945
293,2077.3333333333335,328,89046.42276935038,1204556041483.5884,388707842458.25793,815848199025.3303
294,2077.3333333333335,328,92352.99365939491,1203467088814.9443,388968400293.9585,814498688520.9858
295,2077.4166666666665,329,102140.95023394929,1206074166564.8447,389506606781.95966,816567559782.885
296,2077.4166666666665,329,90411.56791864272,1207359241824.662,389131913566.00305,818227328258.6592
297,2077.3333333333335,328,91229.5705330373,1202845320717.5212,388668951503.2471,814176369214.2742
298,2077.4166666666665,329,92302.57063288556,1205182191149.687,389268798834.46594,815913392315.2212
299,2077.3333333333335,328,94123.85996207775,1205151188620.9336,389882458631.39087,815268729989.5427
300,2077.4166666666665,329,102458.70274745999,1206052130760.3013,389666170687.67413,816385960072.6272
301,2077.3333333333335,328,93674.98757788478,1204118765072.0203,389401722484.5413,814717042587.4789
302,2077.4166666666665,329,90424.61707962005,1205228412311.1587,388541094729.87244,816687317581.2864
303,2077.4166666666665,329,94631.53467453165,1204967030946.8882,389113290055.52466,815853740891.3635
304,2077.3333333333335,328,93979.33267660678,1205215473872.7544,389683031364.0283,815532442508.7262
305,2077.3333333333335,328,97667.94493020415,1203107088018.334,389551410180.15625,813555677838.1776
306,2077.4166666666665,329,97587.15225385601,1206145288642.0513,389021266667.4933,817124021974.5579
307,2077.4166666666665,329,92058.32496576468,1205838236154.7158,389021258604.86414,816816977549.8517
308,2077.3333333333335,328,94632.7903764505,1204441326865.9395,389197657059.3353,815243669806.604
309,2077.3333333333335,328,87478.84704674424,1203488282933.0513,389214478891.9833,814273804041.0679
310,2077.3333333333335,328,87889.47329360338,1203933159928.7083,388628067060.6516,815305092868.0566
311,2077.3333333333335,328,86822.3353912269,1203572062247.9324,388988309653.43506,814583752594.4973
312,2077.4166666666665,329,94032.44294009259,1205986962807.9902,388893203894.84564,817093758913.1445
313,2077.4166666666665,329,96867.14587413447,1206192655237.4634,388838384782.9064,817354270454.5569
314,2077.3333333333335,328,96439.26875969348,1204736477881.1392,388940759978.64685,815795717902.4922
315,2077.3333333333335,328,99325.7981214844,1203915714209.1665,389271879190.8232,814643835018.3433
316,2077.4166666666665,329,93500.57310150238,1206191960565.9985,389264204474.63196,816927756091.3666
317,2077.3333333333335,328,96974.52382240881,1204300935601.0872,389111283163.39056,815189652437.6965
318,2077.4166666666665,329,104937.83711075816,1205960779986.9844,388661932370.683,817298847616.3014
319,2077.3333333333335,328,88395.83830236833,1202499737579.7021,387863209799.5261,814636527780.1759
320,2077.3333333333335,328,95707.98727608146,1203551200982.528,389100714044.45667,814450486938.0714
321,2077.4166666666665,329,91158.99556554526,1205251810311.6895,389218380306.4031,816033430005.2865
322,2077.4166666666665,329,99720.18078628405,1206091619257.532,389003499876.4003,817088119381.1316
323,2077.4166666666665,329,100650.37756665974,1207585800021.5464,389897292919.06494,817688507102.4816
324,2077.4166666666665,329,93102.10793151503,1207121211941.6553,389246908451.9509,817874303489.7043
325,2077.3333333333335,328,94176.07610386508,1203272725637.092,388247677114.1317,815025048522.9603
326,2077.4166666666665,329,96881.38733908636,1206650364928.2856,389176938585.85834,817473426342.4274
327,2077.4166666666665,329,96015.087228194,1204722084933.7722,388849011094.76874,815873073839.0034
328,2077.3333333333335,328,98423.05211834231,1203860928092.655,388915390895.3474,814945537197.3076
329,2077.3333333333335,328,95305.27755292987,1203764094515.3145,389142831763.7788,814621262751.5356
330,2077.4166666666665,329,95475.6000489956,1205148110997.142,389211962995.5226,815936148001.6196
331,2077.4166666666665,329,97231.73433671922,1204500331470.4707,388393639080.7888,816106692389.6819
332,2077.3333333333335,328,95002.61908111868,1204951686792.397,389366916954.4718,815584769837.9252
333,2077.3333333333335,328,89934.10719327634,1203721663216.1157,388780795255.9779,814940867960.1377
334,2077.4166666666665,329,94335.34945743365,1205501216743.0435,388796019649.1853,816705197093.8582
335,2077.4166666666665,329,101736.60865273328,1206194167651.8735,389509881912.0747,816684285739.7988
336,2077.3333333333335,328,79511.31144340872,1203514706810.2021,387937088400.3202,815577618409.8821
337,2077.4166666666665,329,96132.05182855224,1206401997505.9514,389022142610.5167,817379854895.4347
338,2077.4166666666665,329,92470.18255303657,1206110612689.6602,388697815054.7804,817412797634.8799
339,2077.3333333333335,328,93784.37834529059,1204030166959.0684,389698459049.81793,814331707909.2505
340,2077.3333333333335,328,88616.08533499797,1203796256691.0513,388639058631.3422,815157198059.709
341,2077.4166666666665,329,92821.35934700088,1205907076782.9817,389468173457.5186,816438903325.463
342,2077.4166666666665,329,93910.42862459918,1204576937725.0442,388476441249.4075,816100496475.6367
343,2077.4166666666665,329,94280.04653544759,1205542530098.5354,389174781805.9902,816367748292.5452
344,2077.3333333333335,328,96007.25301422158,1205505358162.954,389627351102.09045,815878007060.8638
345,2077.4166666666665,329,101044.7323449068,1206197092942.227,389298674361.38196,816898418580.845
346,2077.3333333333335,328,96536.90627956786,1203258290881.6978,388670340721.90576,814587950159.792
347,2077.3333333333335,328,93388.9621140142,1203323733359.958,388607842526.83307,814715890833.1249
348,2077.3333333333335,328,98827.05319136693,1203340455962.8538,388761985338.14325,814578470624.7106
349,2077.3333333333335,328,88433.96404409985,1204316049535.3315,388701689034.1218,815614360501.2098
350,2077.4166666666665,329,98163.40198009214,1205918922960.289,388418578979.3961,817500343980.8931
351,2077.3333333333335,328,88671.16291419168,1204195180045.0522,388599314258.8239,815595865786.2283
352,2077.3333333333335,328,94263.94862426369,1204527851848.684,389098826499.46387,815429025349.2202
353,2077.4166666666665,329,96418.95524966839,1205562203943.3315,388864608165.4772,816697595777.8545
354,2077.3333333333335,328,97902.78510087669,1202893667362.6987,389089710096.6221,813803957266.0767
355,2077.4166666666665,329,101437.66494705927,1205453563690.4556,388817150627.8485,816636413062.607
356,2077.3333333333335,328,96015.87163270479,1203976028312.6814,389266930076.34814,814709098236.3333
357,2077.4166666666665,329,96079.6879043494,1206472390616.1619,388722038887.6897,817750351728.4722
358,2077.4166666666665,329,103817.22107420584,1206758454364.6792,389212794653.89844,817545659710.7809
359,2077.3333333333335,328,97194.8768836268,1204301899326.4678,389834836530.73413,814467062795.7338
360,2077.4166666666665,329,96785.7112527887,1205845496423.3682,388837302983.1273,817008193440.2407
361,2077.4166666666665,329,86955.96455030164,1206117299766.246,388996742863.328,817120556902.9182
362,2077.4166666666665,329,100455.79963785734,1206273261032.0693,389094562705.5675,817178698326.5018
363,2077.4166666666665,329,101243.78065827083,1205746257959.333,389211085743.9608,816535172215.3723
364,2077.3333333333335,328,83523.79611944855,1203729584876.017,388246007493.7069,815483577382.31
365,2077.3333333333335,328,97026.92585568587,1202777845108.6877,388384727646.75543,814393117461.9324
366,2077.3333333333335,328,100535.6959871504,1205337471828.6133,389769420691.8872,815568051136.726
367,2077.3333333333335,328,89183.56053011765,1203082032301.305,388018292000.4383,815063740300.8666
368,2077.3333333333335,328,97961.77048508053,1203980764423.2925,388394698420.6753,815586066002.6172
369,2077.4166666666665,329,98515.35227403512,1205344450513.35,389166766257.7291,816177684255.621
370,2077.4166666666665,329,94849.88266879658,1206398982761.399,389238661545.6489,817160321215.7499
371,2077.3333333333335,328,94131.62786861716,1202924509629.879,388076578640.52246,814847930989.3564
372,2077.4166666666665,329,98819.95791412774,1205091348712.1035,388933945928.9437,816157402783.1597
373,2077.4166666666665,329,102964.17986859888,1204843993163.8823,388497488816.1493,816346504347.7332
374,2077.4166666666665,329,92589.45984698669,1206767000701.239,388382121462.60284,818384879238.6362
375,2077.3333333333335,328,93064.9308232119,1202545796219.6091,388622333939.6771,813923462279.932
376,2077.3333333333335,328,91380.58882017722,1203044792853.943,388866433193.95605,814178359659.987
377,2077.4166666666665,329,94559.19127805647,1204497048098.2422,388269825448.09705,816227222650.1453
378,2077.4166666666665,329,99045.42003085156,1205229023036.1162,389245580613.56396,815983442422.5521
379,2077.3333333333335,328,90655.99597172826,1204901183077.3982,389317456925.0755,815583726152.3228
380,2077.3333333333335,328,89443.35097057515,1204259484077.4731,389388102075.7251,814871382001.748
381,2077.4166666666665,329,95335.38610868106,1205686341961.2036,389102437730.07104,816583904231.1326
382,2077.4166666666665,329,89119.24067458848,1204619256406.1245,388251548485.0443,816367707921.0801
383,2077.4166666666665,329,98017.5514180866,1205015288035.2095,388969120550.0057,816046167485.2039
384,2077.3333333333335,328,91371.15442018348,1204995668533.6995,389187673990.8963,815807994542.8032
385,2077.3333333333335,328,96381.24314792658,1204297625024.7756,388520588622.8884,815777036401.8872
386,2077.4166666666665,329,95295.05309659793,1206435260473.0933,389025408845.22314,817409851627.8701
387,2077.4166666666665,329,97624.16256188863,1205826359812.948,389498853402.0476,816327506410.9004
388,2077.4166666666665,329,99733.80463004956,1204688708448.9287,388643784166.74963,816044924282.179
389,2077.4166666666665,329,96344.57480574993,1205702867429.2856,389386885624.5461,816315981804.7395
390,2077.4166666666665,329,92844.80515403424,1205742617916.558,389159690720.15674,816582927196.4012
391,2077.4166666666665,329,93580.42455987379,1204396246875.868,387995259825.4986,816400987050.3694
392,2077.4166666666665,329,86599.63250849336,1204137279162.9783,388216137314.5417,815921141848.4366
393,2077.4166666666665,329,105211.68949446439,1206240052835.8013,389879403173.9324,816360649661.8689
394,2077.4166666666665,329,90140.38122430479,1205815940923.0952,389024555173.478,816791385749.6173
395,2077.4166666666665,329,94858.13342248782,1205260804532.2783,388831956474.5748,816428848057.7034
396,2077.4166666666665,329,99469.70322506921,1206679088500.8481,389339474637.81665,817339613863.0316
397,2077.4166666666665,329,84421.483657696,1204456210621.0493,388543334973.75555,815912875647.2938
398,2077.3333333333335,328,95407.05802369484,1204664320578.582,389117637254.42993,815546683324.1521
399,2077.4166666666665,329,89745.31402470592,1204172255738.4556,388275293666.87415,815896962071.5813
400,2077.3333333333335,328,90091.5393661377,1204761898971.97,389115901682.7766,815645997289.1934
401,2077.4166666666665,329,100281.22465710937,1205182342440.7222,389001848694.3761,816180493746.3461
402,2077.3333333333335,328,89254.34149279166,1204035022461.159,389411317667.86255,814623704793.2964
403,2077.4166666666665,329,95111.07276088218,1205494441676.959,388942588043.4004,816551853633.5585
404,2077.3333333333335,328,80488.25927928303,1203529112276.4504,388297552668.54126,815231559607.9092
405,2077.3333333333335,328,97164.11538182487,1204727458553.018,389159116703.10156,815568341849.9165
406,2077.3333333333335,328,96768.96512286992,1203851057451.3984,388977591663.95825,814873465787.4402
407,2077.3333333333335,328,91782.55843435175,1204160695405.251,388678473536.3358,815482221868.9153
408,2077.3333333333335,328,94318.86833973372,1202579961208.0088,388398615801.04285,814181345406.966
409,2077.4166666666665,329,96439.87176311368,1205224726851.4512,389141531319.67,816083195531.7812
410,2077.4166666666665,329,93199.59167201353,1205996707128.5923,389286859838.8081,816709847289.784
411,2077.4166666666665,329,100011.61690470506,1205712841612.4937,389294227759.14685,816418613853.3467
412,2077.4166666666665,329,96308.38908299978,1204643553872.622,388471992077.90356,816171561794.7184
413,2077.3333333333335,328,87539.4690212704,1204559607474.7256,389256837644.61975,815302769830.106
414,2077.3333333333335,328,94537.69056628729,1204148256095.9565,388618252991.52576,815530003104.4308
415,2077.3333333333335,328,93325.4426480309,1203689815236.8557,388713065190.0996,814976750046.7561
416,2077.3333333333335,328,91257.2441898285,1204571862844.7368,389039072623.2949,815532790221.442
417,2077.4166666666665,329,92184.24016355538,1207746297552.0085,389365801822.1136,818380495729.895
418,2077.4166666666665,329,90489.13301543417,1204916555266.0764,388748034917.3341,816168520348.7423
419,2077.3333333333335,328,94755.88199493958,1203694388872.5393,389254918677.42426,814439470195.115
420,2077.4166666666665,329,99046.37501401575,1205023239175.3433,388510408911.5819,816512830263.7614
421,2077.3333333333335,328,95695.55566920464,1204833159593.208,389179511948.4221,815653647644.7859
422,2077.4166666666665,329,93480.5682227471,1204853133474.708,388715422179.8485,816137711294.8594
423,2077.3333333333335,328,106328.82390018253,1205174401900.5989,389814330087.34174,815360071813.2572
424,2077.4166666666665,329,92544.62714060096,1205097372579.978,388891704149.4423,816205668430.5356
425,2077.3333333333335,328,90321.1315900153,1203592993902.7058,388430651199.4665,815162342703.2393
426,2077.3333333333335,328,90711.55375086551,1202006980757.5547,388479477116.1769,813527503641.3779
427,2077.3333333333335,328,90847.0183010813,1204063447999.0195,388982056385.42365,815081391613.5958
428,2077.3333333333335,328,92912.11440677593,1204355281647.3425,388872609307.71436,815482672339.6282
429,2077.3333333333335,328,95848.1039188063,1204207063366.1064,389102607497.6282,815104455868.4781
430,2077.4166666666665,329,98721.03771091587,1205685773931.6555,388779208340.97345,816906565590.6821
431,2077.3333333333335,328,97293.93525964698,1204494922995.6638,389406765206.2783,815088157789.3855
432,2077.3333333333335,328,97316.21081826536,1204200167887.8564,388989116047.60364,815211051840.2527
433,2077.4166666666665,329,96211.68299018824,1204849521455.8525,388979793016.7163,815869728439.1364
434,2077.4166666666665,329,90379.18767923911,1205186810067.126,389105374939.2672,816081435127.8586
435,2077.4166666666665,329,98380.12905458215,1206293462071.7666,389840241326.84045,816453220744.926
436,2077.3333333333335,328,89978.07493230859,1202879434208.0493,388114340677.122,814765093530.9272
437,2077.4166666666665,329,94751.39851168377,1206150701885.1655,388823225944.6041,817327475940.5615
438,2077.3333333333335,328,94490.0044522594,1204853275700.7114,389481989713.15027,815371285987.5612
439,2077.4166666666665,329,90673.06072333892,1206033272196.3247,389360323216.2715,816672948980.0533
440,2077.4166666666665,329,91390.88974212612,1206634408766.5059,388298166135.2091,818336242631.2966
441,2077.3333333333335,328,101950.86511021842,1203455747829.1423,389240438170.5248,814215309658.6176
442,2077.4166666666665,329,100181.89826516696,1205882246207.8635,389292613598.74335,816589632609.1201
443,2077.4166666666665,329,102264.58949087925,1205113832073.9282,388911966824.4375,816201865249.4908
444,2077.4166666666665,329,86962.75657000337,1205115567434.5886,388322249497.8929,816793317936.6958
445,2077.3333333333335,328,98300.5783612097,1204772678012.5042,389615972118.0471,815156705894.457
446,2077.3333333333335,328,100255.6020728448,1205075281079.0,389580051079.881,815495229999.1189
447,2077.4166666666665,329,91942.04329075369,1205252458241.0886,388649170069.5628,816603288171.5259
448,2077.3333333333335,328,89616.71053504208,1201494277279.2212,388096033929.45496,813398243349.7662
449,2077.3333333333335,328,89911.46561993539,1203177129826.1724,388702505909.13696,814474623917.0354
450,2077.4166666666665,329,93021.76479670411,1206948393556.811,389047802294.52075,817900591262.2902
451,2077.4166666666665,329,92786.4133156111,1207471948436.341,389028421123.74347,818443527312.5975
452,2077.4166666666665,329,97697.74859801293,1206042478425.9426,389121414687.802,816921063738.1406
453,2077.4166666666665,329,93753.1412587641,1206149742460.3845,389587339885.33813,816562402575.0464
454,2077.3333333333335,328,89796.6501585312,1202102552825.718,388733073681.5875,813369479144.1305
455,2077.4166666666665,329,93729.48616639002,1206878958314.7441,389211876785.5255,817667081529.2188
456,2077.4166666666665,329,89017.08947705931,1207488800600.021,389766719336.2639,817722081263.7572
457,2077.3333333333335,328,96324.57358310756,1203865243891.5513,389625437603.2472,814239806288.3042
458,2077.4166666666665,329,96993.85266158923,1205415282608.216,389267865994.95013,816147416613.2659
459,2077.4166666666665,329,97740.15823355343,1206390378188.3647,389369391571.5792,817020986616.7856
460,2077.4166666666665,329,101182.18596681787,1205753460248.4736,389124920163.7233,816628540084.7502
461,2077.3333333333335,328,101972.03490396976,1204709578300.17,389448697108.214,815260881191.9558
462,2077.4166666666665,329,89530.90650180128,1205357743813.2852,388665624741.48,816692119071.8052
463,2077.4166666666665,329,95936.1590253739,1207380952035.6973,388219015159.417,819161936876.2802
464,2077.3333333333335,328,91020.7290910171,1204159952970.4976,388400348590.0824,815759604380.4153
465,2077.4166666666665,329,92225.52888139113,1206404925377.3005,389271685975.1988,817133239402.1018
466,2077.4166666666665,329,98586.62723998335,1204999680813.0127,388944892258.5515,816054788554.461
467,2077.3333333333335,328,99406.0957785868,1203460802334.621,389064836652.2594,814395965682.3618
468,2077.4166666666665,329,93316.06383931295,1206259788456.1711,388707962240.1737,817551826215.9974
469,2077.3333333333335,328,92406.28210323208,1204140874192.589,388647786875.8986,815493087316.6904
470,2077.4166666666665,329,102547.36944797108,1206115943999.838,389835961803.3594,816279982196.4785
471,2077.3333333333335,328,98308.76963054562,1204619810002.7905,389294460459.9227,815325349542.8678
472,2077.4166666666665,329,96845.77841976272,1205880504068.0466,389260147650.59186,816620356417.4548
473,2077.4166666666665,329,94369.68115599583,1205850321605.6523,388070710213.0156,817779611392.6366
474,2077.3333333333335,328,98178.47441133595,1203982866038.3584,389367104553.77795,814615761484.5806
475,2077.4166666666665,329,92734.76816020129,1205301281640.5652,388875188450.45636,816426093190.1088
476,2077.4166666666665,329,100983.07861584576,1206077149121.263,388610511775.80005,817466637345.4629
477,2077.4166666666665,329,97308.75626922195,1206165651822.6033,388815913215.01025,817349738607.593
478,2077.4166666666665,329,102790.38903584771,1205853404334.4844,389412042576.58826,816441361757.8962
479,2077.4166666666665,329,96502.521571153,1205423180066.1252,388883255292.3369,816539924773.7883
480,2077.3333333333335,328,95733.2880736596,1205081500517.7678,389688912972.79785,815392587544.97
481,2077.3333333333335,328,92867.39036398253,1203416527259.6426,388384674509.12256,815031852750.52
482,2077.4166666666665,329,95272.90569360607,1206082718490.699,388772821911.98376,817309896578.7152
483,2077.3333333333335,328,86618.15906739233,1204036277290.5557,388207785632.7445,815828491657.8113
484,2077.4166666666665,329,94008.5371785631,1205718428872.0996,389093856539.32733,816624572332.7723
485,2077.4166666666665,329,86989.63081087238,1207469062248.3599,388768513187.5901,818700549060.7698
486,2077.3333333333335,328,96292.3026615333,1204685863803.6958,388793376182.23773,815892487621.4581
487,2077.3333333333335,328,95086.51613922896,1203812856500.728,389106184716.6062,814706671784.1218
488,2077.4166666666665,329,94265.98281587582,1206157393936.7969,388742963452.5944,817414430484.2024
489,2077.4166666666665,329,87937.02993159545,1207157401948.353,388620157804.4165,818537244143.9365
490,2077.4166666666665,329,95790.68053140443,1205343676257.8164,389001291905.6975,816342384352.119
491,2077.3333333333335,328,92411.18965361657,1202431047773.1392,388664228062.2682,813766819710.8711
492,2077.4166666666665,329,98604.89497905168,1204873989019.2705,388499954489.0919,816374034530.1785
493,2077.4166666666665,329,98361.18147941752,1206742592507.143,389456396438.5666,817286196068.5765
494,2077.3333333333335,328,92636.74215817208,1203181431511.033,388808774400.8918,814372657110.1411
495,2077.4166666666665,329,90488.62240413069,1207012767964.1516,389704628379.7046,817308139584.447
496,2077.4166666666665,329,99007.72739942803,1205565247951.2163,389490422815.75964,816074825135.4565
497,2077.3333333333335,328,103252.77254868526,1204572555583.0972,388854169985.1858,815718385597.9115
498,2077.4166666666665,329,93413.54413551503,1205251629536.7815,389374754806.7296,815876874730.0519
499,2077.4166666666665,329,92721.81531846078,1205093990786.8289,388803599520.1561,816290391266.6727
500,2077.4166666666665,329,93247.02685215531,1205601902682.541,388634784650.94165,816967118031.5995
501,2077.4166666666665,329,91722.8225648172,1205697708677.8296,388825199396.2076,816872509281.6221
502,2077.4166666666665,329,97701.30088914305,1204671183766.3257,388316638299.5427,816354545466.783
503,2077.4166666666665,329,94479.38624199101,1204918504991.5076,388483847763.48706,816434657228.0205
504,2077.4166666666665,329,103056.88900509225,1206602837839.8164,389657267236.9441,816945570602.8724
505,2077.3333333333335,328,90835.0341048381,1203122861352.6821,389075206679.7202,814047654672.9618
506,2077.4166666666665,329,93644.82825336665,1205741525390.8618,389200171304.9198,816541354085.9421
507,2077.3333333333335,328,94399.05091812041,1203147662193.1812,389030100436.573,814117561756.6082
508,2077.4166666666665,329,89161.28200607805,1205281487105.0767,388567291314.95984,816714195790.117
509,2077.3333333333335,328,101999.84855219643,1204045813708.7144,389493323648.34924,814552490060.3652
510,2077.4166666666665,329,89659.1916668088,1204286680655.6191,388038690765.7993,816247989889.8198
511,2077.4166666666665,329,94596.93788972552,1207118815722.8926,389382975698.69385,817735840024.1987
512,2077.4166666666665,329,86236.63204468573,1205713290354.3071,388871292470.0896,816841997884.2177
513,2077.3333333333335,328,98147.09000628784,1205097949016.656,389716324204.6615,815381624811.9945
514,2077.3333333333335,328,87374.48483590392,1203333919097.0898,389133159388.0504,814200759709.0394
515,2077.3333333333335,328,91801.44395207427,1203229861035.9524,388389583846.46594,814840277189.4865
516,2077.3333333333335,328,95693.6631665822,1203924621353.8691,388563450085.6143,815361171268.2549
517,2077.3333333333335,328,97546.45304322368,1203378669245.625,388750330593.4282,814628338652.1968
518,2077.3333333333335,328,97604.39683600629,1203992692973.301,389347796438.10425,814644896535.1968
519,2077.3333333333335,328,95989.48321712326,1204526368735.894,388774471611.1487,815751897124.7452
520,2077.4166666666665,329,99447.83798223714,1206314651504.251,389811415421.33276,816503236082.9181
521,2077.3333333333335,328,95245.9774307896,1204096352624.143,389496078683.6782,814600273940.4647
522,2077.4166666666665,329,94790.06675589594,1207167941611.1743,389371265056.4403,817796676554.7341
523,2077.3333333333335,328,95984.60821496285,1204758699822.8904,388887476438.3633,815871223384.5271
524,2077.4166666666665,329,95408.28437989505,1205432799523.377,388958820645.219,816473978878.1578
525,2077.3333333333335,328,89016.43597083853,1204380033250.0178,388728238029.9104,815651795220.1074
526,2077.3333333333335,328,90904.71074537339,1203553598135.6548,388128872439.807,815424725695.8479
527,2077.3333333333335,328,96404.35655577073,1204803933901.9639,389190164445.54895,815613769456.4149
528,2077.3333333333335,328,94121.61568878902,1203757764317.2334,389060624910.2822,814697139406.9512
529,2077.3333333333335,328,96214.71750085501,1204031479855.4,388634503917.25464,815396975938.1453
530,2077.4166666666665,329,97778.88971949751,1205241825118.5586,389328763446.97327,815913061671.5854
531,2077.3333333333335,328,93834.95862379481,1204153443921.497,389136822701.09766,815016621220.3994
532,2077.3333333333335,328,89136.8403029303,1201798741487.6013,388805985204.5965,812992756283.0049
533,2077.3333333333335,328,95533.71156030693,1204580725651.0337,388958997266.504,815621728384.5297
534,2077.4166666666665,329,91064.17029202514,1205128336524.7432,388966338728.9203,816161997795.8229
535,2077.3333333333335,328,96682.15743967079,1202815627336.4448,389362936711.3384,813452690625.1064
536,2077.4166666666665,329,86251.11208343088,1204444825468.0435,388351596202.333,816093229265.7103
537,2077.3333333333335,328,97317.92765172895,1205414231176.1975,389926814490.97076,815487416685.2267
538,2077.3333333333335,328,94655.55296124422,1203669871148.0415,388419521865.2609,815250349282.7806
539,2077.3333333333335,328,97080.39541941171,1204904181620.85,389652401174.79004,815251780446.06
540,2077.3333333333335,328,98986.31969337477,1205333112224.3887,389560957466.60974,815772154757.7789
541,2077.4166666666665,329,92022.40604573619,1206385084036.499,389554378459.25757,816830705577.2413
542,2077.4166666666665,329,100036.80715879623,1205716433543.831,389377333689.8172,816339099854.0139
543,2077.3333333333335,328,91276.9397701633,1203962953492.1113,388852549353.7997,815110404138.3115
544,2077.4166666666665,329,94296.07350558406,1205127280092.1997,389118912205.72925,816008367886.4706
545,2077.3333333333335,328,91671.21467541571,1203638628006.638,389265980150.46313,814372647856.1748
546,2077.3333333333335,328,99303.81662378807,1204863038183.3213,389200422562.073,815662615621.2482
547,2077.4166666666665,329,100296.30545726682,1204606495937.7969,388725735589.84705,815880760347.9498
548,2077.3333333333335,328,88377.90596002564,1204282749456.5967,388475058655.8379,815807690800.7588
549,2077.4166666666665,329,90275.17940111794,1205873501754.975,389195088061.60046,816678413693.3746
550,2077.4166666666665,329,100170.06008073737,1205659966205.5605,389525285063.2762,816134681142.2843
551,2077.3333333333335,328,88964.016704134,1204047439371.7634,388877119934.4582,815170319437.3052
552,2077.3333333333335,328,106109.55901935672,1204932886190.8735,389162413003.4497,815770473187.4237
553,2077.4166666666665,329,91807.84490325388,1205223563013.7395,389334337196.7508,815889225816.9886
554,2077.3333333333335,328,92735.38634852233,1203703526640.272,388614952538.91614,815088574101.356
555,2077.4166666666665,329,99352.81691556536,1205588115238.7725,388790071133.79114,816798044104.9813
556,2077.4166666666665,329,93119.40161104203,1207490966793.9067,389382329817.7943,818108636976.1125
557,2077.4166666666665,329,97733.4317704535,1205764848227.6587,389610314422.7123,816154533804.9463
558,2077.3333333333335,328,91641.64122856967,1203103602159.6743,387952030462.5519,815151571697.1226
559,2077.4166666666665,329,99002.89581418026,1205814963789.8896,389170579120.766,816644384669.1237
560,2077.4166666666665,329,93902.41701448023,1205849982084.2905,388729206374.0509,817120775710.2396
561,2077.4166666666665,329,91645.9007675866,1207441327782.3965,389658031364.8624,817783296417.5339
562,2077.3333333333335,328,85495.24741351724,1204156226532.4834,389091835733.1598,815064390799.3235
563,2077.4166666666665,329,97984.51060765167,1205785986152.751,389376157129.2331,816409829023.5178
564,2077.3333333333335,328,94571.98155640287,1204915715665.8496,389228026504.07336,815687689161.7764
565,2077.3333333333335,328,98921.38368086301,1204071893313.9297,388406458750.20715,815665434563.7224
566,2077.4166666666665,329,92284.01401067327,1207601745774.5273,389464442638.9053,818137303135.622
567,2077.3333333333335,328,95956.40798924776,1204747633561.939,389100601276.7919,815647032285.1472
568,2077.3333333333335,328,102368.71685157192,1204021259268.856,389738879949.68677,814282379319.1692
569,2077.4166666666665,329,93054.63582949407,1205788360753.691,389106756993.09924,816681603760.5918
570,2077.3333333333335,328,104095.88216186292,1203734405283.0747,389195852168.2179,814538553114.8567
571,2077.4166666666665,329,104179.38525257798,1206449930206.4033,389664409586.29504,816785520620.1084
572,2077.4166666666665,329,97128.65314110529,1205317575258.793,388892974127.43787,816424601131.355
573,2077.4166666666665,329,100251.41674915032,1205080057384.4995,389240393027.5089,815839664356.9905
574,2077.4166666666665,329,93561.16263712128,1205952207279.6494,388688639173.5113,817263568106.1381
575,2077.3333333333335,328,97394.48884679747,1204880673664.8853,389495619542.71313,815385054122.1721
576,2077.4166666666665,329,97178.5979091322,1205274950245.5605,389235477080.4935,816039473165.0669
577,2077.4166666666665,329,94144.13470660528,1205176985280.5708,389024422276.3153,816152563004.2556
578,2077.3333333333335,328,90036.8408564809,1204081403078.9624,388316632890.0193,815764770188.9432
579,2077.3333333333335,328,97982.1416903061,1204975462872.9683,389393817743.0475,815581645129.9209
580,2077.4166666666665,329,103133.17946501136,1206560375200.5093,389759342499.68616,816801032700.8232
581,2077.3333333333335,328,98281.64241368443,1204448933482.5308,388647015219.56665,815801918262.964
582,2077.4166666666665,329,95075.07867808345,1205989844518.938,388164039125.3237,817825805393.6144
583,2077.4166666666665,329,96819.20073014253,1206938723374.5293,390013070822.0956,816925652552.4337
584,2077.3333333333335,328,98782.52090566218,1204468853575.2214,388907542709.2351,815561310865.9863
585,2077.3333333333335,328,94952.27142005264,1204435067544.7368,388989638622.4392,815445428922.2975
586,2077.4166666666665,329,83117.18905875945,1205226062349.5742,388682130989.7456,816543931359.8286
587,2077.4166666666665,329,94238.13723200526,1205924756621.2188,388592183736.3561,817332572884.8628
588,2077.3333333333335,328,97694.02319627255,1204679420779.0295,389230698794.0989,815448721984.9307
589,2077.4166666666665,329,93833.59748511142,1205498557758.6243,389356081979.1362,816142475779.488
590,2077.4166666666665,329,97893.5274892542,1205970903614.245,389140191374.36816,816830712239.8768
591,2077.3333333333335,328,88723.58789414875,1203380411644.0386,387705910721.2638,815674500922.7749
592,2077.3333333333335,328,100633.87917874286,1204725215870.237,389755643285.65106,814969572584.5859
593,2077.4166666666665,329,93074.003255439,1206232390959.647,389788251053.6959,816444139905.9512
594,2077.3333333333335,328,93201.60088005246,1203435223432.1777,388910017933.40405,814525205498.7738
595,2077.4166666666665,329,101222.6104425803,1205766343571.7417,389073826150.3888,816692517421.3528
596,2077.4166666666665,329,93277.28409279033,1204823796133.8105,388669376227.80725,816154419906.0034
597,2077.4166666666665,329,92098.41911513453,1204725092680.1514,388742748855.2412,815982343824.9102
598,2077.4166666666665,329,94121.59024189308,1205171932564.5132,388796169066.44995,816375763498.0634
599,2077.3333333333335,328,91178.74915979349,1203938348809.055,388514741857.64404,815423606951.4109
600,2077.4166666666665,329,90635.78582357249,1204957912436.5513,388923002841.25757,816034909595.2937
601,2077.4166666666665,329,99455.0275072626,1206683125025.0083,389321380428.68835,817361744596.3201
602,2077.3333333333335,328,99941.97858739895,1203825041134.6956,389630471852.366,814194569282.3296
603,2077.4166666666665,329,95909.86826285775,1205651515169.3975,388663777808.2892,816987737361.1084
604,2077.3333333333335,328,94010.6781240734,1204491895459.787,389532701006.73755,814959194453.0497
605,2077.3333333333335,328,103153.23265367327,1204538416287.7986,388925710655.791,815612705632.0076
606,2077.4166666666665,329,91384.81014017237,1204938556280.5906,388880994150.5134,816057562130.0771
607,2077.4166666666665,329,103617.2651314408,1205725594854.8408,388950151873.17126,816775442981.6696
608,2077.3333333333335,328,90293.47696613835,1205546756016.9507,389727336076.5542,815819419940.3964
609,2077.4166666666665,329,91889.19996196764,1205942829960.6265,387915623185.2054,818027206775.421
610,2077.3333333333335,328,85304.30740435325,1203461463727.6587,388745009719.23364,814716454008.4252
611,2077.4166666666665,329,91014.24267351023,1205688166866.6016,389494136703.43555,816194030163.1661
612,2077.4166666666665,329,94568.6015700833,1204771520308.87,388921299655.03595,815850220653.8342
613,2077.4166666666665,329,99835.83083292242,1206795640295.2993,389441443717.90796,817354196577.3915
614,2077.4166666666665,329,97821.62049620866,1204651811648.4243,388745942961.32275,815905868687.1016
615,2077.3333333333335,328,97519.5057981704,1202729637447.1633,388712874741.9932,814016762705.17
616,2077.3333333333335,328,96483.33130869473,1204432526685.0283,389513002909.37683,814919523775.6515
617,2077.4166666666665,329,104618.93479405239,1204491933858.8584,388182675979.6301,816309257879.2283
618,2077.3333333333335,328,100099.32418149653,1203068595296.635,388927465537.8997,814141129758.7354
619,2077.4166666666665,329,95279.65943158546,1205228065025.0554,388863850879.62213,816364214145.4332
620,2077.4166666666665,329,90239.79247369868,1204376342404.8926,388449036099.86584,815927306305.0266
621,2077.3333333333335,328,94066.42148234315,1202653299369.1628,388833938638.9436,813819360730.2192
622,2077.3333333333335,328,91151.05876339675,1203633446936.2578,388981938933.23004,814651508003.0278
623,2077.3333333333335,328,94063.69200369148,1204403735032.0386,389587477919.86487,814816257112.1736
624,2077.4166666666665,329,102004.41978146891,1204712141608.0952,388815829866.908,815896311741.1873
625,2077.3333333333335,328,103209.06891025945,1204201284052.275,389288619121.27856,814912664930.9963
626,2077.3333333333335,328,96601.20520530874,1204190963710.5176,388693562924.1571,815497400786.3606
627,2077.4166666666665,329,96494.05502503006,1206544000004.9688,389471143372.95935,817072856632.0095
628,2077.4166666666665,329,92165.85850632518,1204907757173.1035,388767233778.99976,816140523394.1038
629,2077.4166666666665,329,100688.70922485123,1205501926372.6526,388520804443.066,816981121929.5867
630,2077.3333333333335,328,93791.8044565997,1204538617329.3953,389645787533.5128,814892829795.8824
631,2077.3333333333335,328,97182.69291790295,1204136414684.4321,389076820498.4571,815059594185.975
632,2077.4166666666665,329,96354.77624342247,1206550370124.2656,388951080739.12683,817599289385.1387
633,2077.3333333333335,328,91411.87299342768,1203871193168.3105,389582623888.1079,814288569280.2026
634,2077.4166666666665,329,87664.4983241545,1206940587413.5474,388931760443.04156,818008826970.5059
635,2077.3333333333335,328,95358.26641370816,1204803831729.521,389012635124.49927,815791196605.0219
636,2077.4166666666665,329,91348.68984029288,1205496750439.525,388950375577.31714,816546374862.2078
637,2077.4166666666665,329,92531.26450188497,1205817760753.8853,388733025633.68225,817084735120.2029
638,2077.3333333333335,328,97969.34767877794,1203480807704.6243,389352248862.2117,814128558842.4126
639,2077.3333333333335,328,88586.35211062978,1203097276900.0142,388649194399.7484,814448082500.2659
640,2077.4166666666665,329,96364.35967224555,1204405361518.0396,388290155992.3645,816115205525.6749
641,2077.4166666666665,329,94774.5367391147,1205270457601.996,389244056044.1453,816026401557.8507
642,2077.3333333333335,328,99100.59838631988,1204634169191.5518,388998608543.2572,815635560648.2944
643,2077.3333333333335,328,96394.06241405888,1204360409287.3262,389055617984.7008,815304791302.6252
644,2077.4166666666665,329,99218.9713921656,1206527727311.2612,389334737329.8893,817192989981.3721
645,2077.3333333333335,328,91046.72593655338,1204690924035.1992,389563281274.6085,815127642760.5906
646,2077.4166666666665,329,93328.39100667734,1206802609582.6562,388955918949.0585,817846690633.5979
647,2077.4166666666665,329,87912.98762655728,1204851189606.0913,388772150621.9496,816079038984.1418
648,2077.3333333333335,328,93556.80941072105,1204267754226.7385,388779835659.2837,815487918567.4548
649,2077.4166666666665,329,91146.89713486639,1206776131585.399,389204541312.2634,817571590273.1355
650,2077.4166666666665,329,101868.86029837737,1206994726559.3484,389120191391.1872,817874535168.1611
651,2077.4166666666665,329,98284.1993307977,1204863468177.232,388553483747.8196,816309984429.4124
652,2077.4166666666665,329,101323.88992671893,1207200975156.8984,389918718842.72906,817282256314.1694
653,2077.4166666666665,329,101183.88277962475,1204832104491.7527,388621022922.67883,816211081569.0739
654,2077.3333333333335,328,98093.5194320208,1204394644535.7239,388868279895.93915,815526364639.7847
655,2077.4166666666665,329,95773.36501384185,1206556609813.1436,389567772158.9769,816988837654.1666
656,2077.4166666666665,329,95837.57788457669,1205247895096.0059,388375755567.0251,816872139528.9808
657,2077.4166666666665,329,93214.88916693893,1208143990862.306,389245826796.9143,818898164065.3916
658,2077.3333333333335,328,94218.35472516254,1204246403138.5757,388852165803.1489,815394237335.4268
659,2077.3333333333335,328,84429.79323352953,1203389511257.2747,389147039861.9866,814242471395.2881
660,2077.3333333333335,328,94777.61040437156,1203680137827.5962,388644766024.66174,815035371802.9343
661,2077.4166666666665,329,89519.6298851979,1205539952948.9307,388577976555.5687,816961976393.362
662,2077.4166666666665,329,94207.54876922123,1204574076281.3726,388239883271.5459,816334193009.8265
663,2077.3333333333335,328,96421.59191651887,1202498066993.8315,389276006369.52637,813222060624.3052
664,2077.4166666666665,329,96497.61211158104,1205401160617.6191,389064559626.3635,816336600991.2557
665,2077.4166666666665,329,100684.98196415958,1204181094867.3042,388304005140.0038,815877089727.3004
666,2077.4166666666665,329,94814.96783636542,1205473010812.6694,389155921184.54364,816317089628.1257
667,2077.4166666666665,329,98591.41153347873,1206186651273.12,389884701658.26965,816301949614.8503
668,2077.3333333333335,328,89079.49331865451,1204539565236.0488,388900319767.63135,815639245468.4176
669,2077.4166666666665,329,98250.6248640679,1205394936097.7708,388575752410.17236,816819183687.5984
670,2077.4166666666665,329,88848.40816807108,1205374777584.1836,389256905042.0039,816117872542.1796
671,2077.3333333333335,328,91332.41095977346,1204491204682.2378,388843780478.62634,815647424203.6116
672,2077.3333333333335,328,90777.83180394996,1203921085359.238,389643791659.48615,814277293699.752
673,2077.3333333333335,328,88145.94483966936,1203538404522.937,388153176612.63226,815385227910.3047
674,2077.4166666666665,329,93020.88021694814,1206810565408.7803,388726538628.536,818084026780.2444
675,2077.3333333333335,328,100444.87481496428,1204273241483.7183,389221470143.8767,815051771339.8417
676,2077.4166666666665,329,93452.88022167169,1204525709565.439,388057886630.26855,816467822935.1704
677,2077.3333333333335,328,92627.26691164577,1203777753627.9272,388367461735.01086,815410291892.9163
678,2077.4166666666665,329,95855.89641577561,1205003248801.1929,389076608251.01917,815926640550.1738
679,2077.3333333333335,328,101885.68383895811,1204224640957.4753,389178198781.1344,815046442176.341
680,2077.4166666666665,329,98936.97014866692,1207136228206.2988,389401129670.78284,817735098535.516
681,2077.4166666666665,329,95066.93523915851,1205189130360.9185,389081411522.7788,816107718838.1398
682,2077.4166666666665,329,93126.5893102884,1204784610484.6667,388948421545.0888,815836188939.5779
683,2077.4166666666665,329,96336.81467258332,1207891321990.8857,389433303440.44946,818458018550.4363
684,2077.4166666666665,329,93424.97725964535,1204934770552.9043,388245572917.09106,816689197635.8131
685,2077.4166666666665,329,96883.69040037901,1204594941315.3723,388193349901.87415,816401591413.4982
686,2077.4166666666665,329,99911.6961382672,1206266977447.1,389628557094.02734,816638420353.0728
687,2077.3333333333335,328,93623.68481816133,1204119537656.5518,388523288643.4651,815596249013.0867
688,2077.3333333333335,328,98267.43641849264,1204246291925.2239,388718281635.36365,815528010289.8602
689,2077.3333333333335,328,94343.30594787888,1203212887430.1294,388799239896.0555,814413647534.074
690,2077.3333333333335,328,92597.54370160884,1203786948266.5063,388695211258.6405,815091737007.866
691,2077.3333333333335,328,97090.79445434126,1204484211344.7725,389183559242.922,815300652101.8503
692,2077.4166666666665,329,92526.77389425707,1205736621383.8628,388936902781.1354,816799718602.7273
693,2077.3333333333335,328,92224.46328227854,1204466772817.3247,388753295176.3273,815713477640.9976
694,2077.4166666666665,329,88381.25224471121,1204706179816.8257,388675720781.70703,816030459035.1187
695,2077.4166666666665,329,100513.27398337776,1207935087269.5002,389891450593.3272,818043636676.1731
696,2077.4166666666665,329,97411.78472170675,1205828269437.5479,388973653524.5448,816854615913.003
697,2077.3333333333335,328,85635.14480187191,1203152388618.3105,387999763593.308,815152625025.0024
698,2077.4166666666665,329,98756.5611306644,1206607484435.9834,388814100209.5304,817793384226.453
699,2077.3333333333335,328,95917.45005744917,1204229387668.0864,389494492717.9944,814734894950.0919
700,2077.3333333333335,328,90295.72078855091,1203640090918.2595,388644536675.78,814995554242.4795
701,2077.3333333333335,328,100452.86597954368,1203294287010.325,388942451307.2584,814351835703.0665
702,2077.3333333333335,328,94097.61012479468,1204162567120.4304,388547070583.1389,815615496537.2915
703,2077.4166666666665,329,91103.56955281987,1205185858092.3723,388577580123.5427,816608277968.8296
704,2077.4166666666665,329,94543.17433010417,1206418181911.8398,389037754053.70044,817380427858.1393
705,2077.3333333333335,328,93462.49110243918,1202501014135.2942,388896602179.3605,813604411955.9337
706,2077.4166666666665,329,88379.84803877845,1206175180832.102,388549655967.77966,817625524864.3224
707,2077.3333333333335,328,91657.95813229683,1204504717272.436,389116900370.61523,815387816901.8207
708,2077.4166666666665,329,99194.38475248095,1206320099995.2715,389858839661.41394,816461260333.8574
709,2077.4166666666665,329,95791.96709031847,1204773211243.6858,388912663846.51794,815860547397.1678
710,2077.4166666666665,329,96719.03282866224,1205045321705.86,389004371271.55005,816040950434.31
711,2077.4166666666665,329,100697.5096230951,1207051362190.7102,389643858682.0457,817407503508.6646
712,2077.4166666666665,329,93272.0166727234,1206330095350.6296,389087922016.06775,817242173334.5619
713,2077.4166666666665,329,99949.77555649394,1206152381509.3047,389080188300.3135,817072193208.9912
714,2077.3333333333335,328,91232.47646745575,1202910123398.6807,388043436483.3508,814866686915.3298
715,2077.4166666666665,329,93183.74918934166,1206671987622.041,388945706548.17664,817726281073.8643
716,2077.3333333333335,328,87372.72539733289,1204382540141.7705,388878080753.962,815504459387.8086
717,2077.4166666666665,329,100861.31520217852,1206710015630.0762,389045401603.8065,817664614026.2695
718,2077.4166666666665,329,91190.54304825321,1206487648199.6606,389164729777.06274,817322918422.598
719,2077.4166666666665,329,94975.34105952525,1205162392708.669,388758541463.6593,816403851245.0096
720,2077.4166666666665,329,91986.5321779486,1205265087344.106,389400969303.9261,815864118040.1798
721,2077.4166666666665,329,91207.02899190992,1206231529063.8438,388998603032.11554,817232926031.7283
722,2077.4166666666665,329,93475.76150803184,1205071301849.5322,388698384947.59674,816372916901.9354
723,2077.3333333333335,328,91552.59205037096,1204016240718.251,388819786217.27625,815196454500.9746
724,2077.4166666666665,329,94624.09739599944,1207543893745.3416,389811436646.4133,817732457098.9282
725,2077.4166666666665,329,95825.22086910684,1206849207906.3496,389415979735.6669,817433228170.6829
726,2077.3333333333335,328,89438.83350223862,1203907003585.5674,388592261462.801,815314742122.7665
727,2077.4166666666665,329,88233.43707885008,1206333426588.4634,389448617844.2286,816884808744.2349
728,2077.3333333333335,328,83581.0546186893,1202801533094.5728,388476500598.6969,814325032495.8757
729,2077.4166666666665,329,102459.73611274236,1206012241685.4167,389398259188.8149,816613982496.6018
730,2077.4166666666665,329,97926.41124331998,1204504593454.3306,388627632888.8365,815876960565.4941
731,2077.4166666666665,329,88782.22507917346,1204858128238.9692,388282363337.3981,816575764901.5712
732,2077.4166666666665,329,95887.54770135327,1205759876605.4712,388661639266.0073,817098237339.4639
733,2077.4166666666665,329,92874.3561995312,1206529956466.172,389447340128.3322,817082616337.8398
734,2077.4166666666665,329,101086.7520215396,1204923717564.976,388617359856.85925,816306357708.117
735,2077.4166666666665,329,92618.40664967467,1207805887407.5015,389111425529.55664,818694461877.9448
736,2077.4166666666665,329,92400.8108565062,1205507418898.2153,389579974708.1005,815927444190.1147
737,2077.3333333333335,328,102137.5650553855,1202923364708.1338,389215668467.8574,813707696240.2762
738,2077.4166666666665,329,94420.92567613692,1206950110796.0012,389193749174.5529,817756361621.4484
739,2077.3333333333335,328,95405.16448058275,1204366222424.4941,389139797643.82153,815226424780.6727
740,2077.4166666666665,329,92928.21997465691,1205589730600.4824,388762057653.99133,816827672946.4912
741,2077.4166666666665,329,101623.54129261937,1205612016637.77,389070566686.78564,816541449950.9843
742,2077.4166666666665,329,87529.10386231434,1205595177899.0842,389134479040.5891,816460698858.4951
743,2077.4166666666665,329,96635.314058536,1204321012162.2712,388488633908.5657,815832378253.7056
744,2077.3333333333335,328,93101.29042497191,1204464621437.0938,389239731186.5908,815224890250.5029
745,2077.3333333333335,328,100441.97904876346,1204676427178.3245,389374881875.5765,815301545302.7479
746,2077.4166666666665,329,100475.31304322006,1204855342982.598,388978134052.6955,815877208929.9023
747,2077.4166666666665,329,95737.00807593096,1205445526792.6821,388736536920.23303,816708989872.449
748,2077.4166666666665,329,90336.52487480629,1205628314404.7002,388756189663.371,816872124741.3293
749,2077.3333333333335,328,97253.28096760165,1203422987015.811,388924146034.97864,814498840980.8325
750,2077.4166666666665,329,104786.86427296454,1206261603578.024,388632860305.4724,817628743272.5516
751,2077.3333333333335,328,104666.91310626749,1205476239646.4387,389587288902.31494,815888950744.1238
752,2077.4166666666665,329,97488.21587124033,1206764857626.6208,389179798394.16455,817585059232.4563
753,2077.4166666666665,329,95189.75433947444,1204855788606.9995,388076824282.6432,816778964324.3563
754,2077.4166666666665,329,110212.89074156305,1207856646225.0132,389846028948.93176,818010617276.0814
755,2077.3333333333335,328,91664.38442541311,1203854387277.0361,389595210866.4954,814259176410.5408
756,2077.4166666666665,329,92715.2638320585,1205649812297.1262,388438995356.6587,817210816940.4675
757,2077.4166666666665,329,91202.41136013753,1205942581873.5664,389620453156.2501,816322128717.3164
758,2077.3333333333335,328,88576.09817260079,1204293983523.6985,388859624027.3206,815434359496.3778
759,2077.3333333333335,328,97811.28679721037,1203710913033.8342,388588622989.12,815122290044.7142
760,2077.3333333333335,328,100558.07146901364,1204047019414.8518,388975280331.0171,815071739083.8347
761,2077.4166666666665,329,91957.49528774264,1205408613856.3115,389548047373.50476,815860566482.8069
762,2077.4166666666665,329,100889.70225090819,1206090937557.8115,389042114558.0198,817048822999.7919
763,2077.3333333333335,328,96609.13339663399,1204251909084.7744,388908195148.0853,815343713936.689
764,2077.3333333333335,328,96713.75395633382,1203505188138.4902,388899307971.464,814605880167.0262
765,2077.3333333333335,328,86602.80066054573,1204106678178.1807,389233428352.14685,814873249826.0337
766,2077.4166666666665,329,98179.79275538182,1207419345070.0276,389567315147.36694,817852029922.6606
767,2077.4166666666665,329,102017.43961528936,1204940756253.517,389083062019.61487,815857694233.9021
768,2077.4166666666665,329,92144.16896102764,1204693023024.5308,388145088931.2379,816547934093.293
769,2077.3333333333335,328,94005.28725073347,1204169277468.2236,389115296366.4679,815053981101.7559
770,2077.3333333333335,328,94272.30626396868,1204180513172.9917,388494447699.52344,815686065473.4684
771,2077.3333333333335,328,102088.76735759401,1204486998474.0752,389123399521.41113,815363598952.6642
772,2077.3333333333335,328,88221.43818184121,1204443905450.449,389187550626.44855,815256354824.0004
773,2077.4166666666665,329,93764.55925813002,1206496588380.6775,388900168304.7366,817596420075.9409
774,2077.3333333333335,328,95548.56718400991,1204696018621.869,389077649625.77374,815618368996.0951
775,2077.3333333333335,328,100097.08926697356,1204523675945.1113,388919377502.1395,815604298442.9719
776,2077.3333333333335,328,88478.45442332912,1203511214118.9312,387962398933.7743,815548815185.157
777,2077.3333333333335,328,85841.09221584225,1204007878349.4915,388438271029.49054,815569607320.001
778,2077.3333333333335,328,88315.50821238599,1204397363086.2058,389172962500.3376,815224400585.8683
779,2077.3333333333335,328,96746.41335137321,1203288952612.2424,389456097689.8867,813832854922.3557
780,2077.3333333333335,328,89018.68130047384,1204114386082.7427,388709505010.7313,815404881072.0112
781,2077.4166666666665,329,92442.36937859366,1204812907119.1274,388851130842.4053,815961776276.722
782,2077.3333333333335,328,96681.6656606216,1203806762782.2048,388868862491.32825,814937900290.8766
783,2077.3333333333335,328,101762.5836894275,1204798005714.4873,389416578668.7407,815381427045.7466
784,2077.4166666666665,329,93533.3404603331,1204827737134.535,388967372234.22754,815860364900.3074
785,2077.3333333333335,328,96846.39375374069,1202397210773.6885,388897424033.92865,813499786739.7598
786,2077.3333333333335,328,91115.50510403531,1203782310530.6763,388942095144.8596,814840215385.8165
787,2077.4166666666665,329,94535.43011433879,1205744400697.2417,388667191585.45483,817077209111.7869
788,2077.4166666666665,329,97048.13033792366,1204895346975.5835,388457369240.9197,816437977734.6638
789,2077.4166666666665,329,91976.43158074579,1206329577985.0283,389904577439.04443,816425000545.9839
790,2077.3333333333335,328,94662.26071494506,1203787878721.3228,388607988354.4945,815179890366.8284
791,2077.4166666666665,329,103115.84065892892,1205555178964.5588,389064790550.4663,816490388414.0925
792,2077.3333333333335,328,89633.84605422284,1203313297870.2737,388379812404.36035,814933485465.9133
793,2077.4166666666665,329,91833.3249614238,1205200664842.5303,389196029521.99164,816004635320.5387
794,2077.4166666666665,329,100972.12894299622,1205805924358.8242,389346119242.5742,816459805116.2499
795,2077.4166666666665,329,96535.05174604122,1206974059435.8945,388782628457.661,818191430978.2335
796,2077.4166666666665,329,95266.31588442778,1206356034816.5505,388668348075.6155,817687686740.935
797,2077.4166666666665,329,91127.50550103518,1204261465875.5986,388023954285.29266,816237511590.306
798,2077.3333333333335,328,95776.96556429328,1204667966639.7693,390008909538.3816,814659057101.3877
799,2077.4166666666665,329,88285.71065650188,1205327851796.0425,389192781682.41785,816135070113.6245
800,2077.3333333333335,328,96637.22474057692,1202642356081.8083,389085284754.9033,813557071326.905
801,2077.4166666666665,329,93251.14870154334,1205504081633.7886,388831302675.29456,816672778958.4941
802,2077.4166666666665,329,96887.16649503526,1204639816097.0474,388807151234.22266,815832664862.8248
803,2077.3333333333335,328,87378.07858050283,1203419624157.4731,388591726554.438,814827897603.035
804,2077.4166666666665,329,95577.21708801562,1206719205629.1714,388897205373.61035,817822000255.561
805,2077.4166666666665,329,98781.03970275247,1206343953900.6106,389601579015.8016,816742374884.8091
806,2077.3333333333335,328,92940.42296297307,1204162274627.6602,389099569423.3993,815062705204.2607
807,2077.3333333333335,328,102411.77411434831,1205941554474.3516,390172547493.7433,815769006980.6082
808,2077.4166666666665,329,88644.20432691707,1206755334711.1294,388777262572.8699,817978072138.2595
809,2077.3333333333335,328,86314.32625243922,1201307315524.2998,388056634576.9081,813250680947.3917
810,2077.4166666666665,329,102586.50442660802,1204765699050.5435,388639904188.0513,816125794862.4922
811,2077.4166666666665,329,94241.35042879258,1206147627569.311,389224477756.60974,816923149812.7012
812,2077.4166666666665,329,94560.18815184414,1205799905592.8955,389638038931.3401,816161866661.5555
813,2077.4166666666665,329,88937.29737773979,1204418856181.551,388218703188.4176,816200152993.1334
814,2077.3333333333335,328,93025.4200706851,1202842486109.2312,388676704487.0139,814165781622.2173
815,2077.4166666666665,329,99718.8077824656,1206185432254.6274,389833125780.25757,816352306474.3699
816,2077.3333333333335,328,100237.88772264971,1203157074960.72,388245197952.1032,814911877008.6168
817,2077.3333333333335,328,103637.03273169305,1203855273844.7769,388789977051.0276,815065296793.7494
818,2077.3333333333335,328,98771.74760537925,1204942157667.064,389315499286.96924,815626658380.0947
819,2077.3333333333335,328,94488.68399411393,1204869127182.7612,389130850348.8474,815738276833.9138
820,2077.3333333333335,328,90106.13353014103,1204378947314.4526,388549419841.6848,815829527472.7677
821,2077.4166666666665,329,103314.95517678834,1205886239266.1548,389071865572.37146,816814373693.7833
822,2077.3333333333335,328,95993.01835825498,1204227245952.6406,388969007859.6847,815258238092.9559
823,2077.3333333333335,328,93497.03259472753,1204787413809.651,389098953887.58765,815688459922.0632
824,2077.3333333333335,328,83324.93849238426,1204269957594.5625,388807094700.68286,815462862893.8795
825,2077.4166666666665,329,106372.21912566073,1205848232387.9448,389418407147.2478,816429825240.6971
826,2077.4166666666665,329,91768.03088852688,1205588535356.331,389117858126.33594,816470677229.995
827,2077.3333333333335,328,99158.43417886565,1204585452297.0562,389298614701.2443,815286837595.8119
828,2077.4166666666665,329,92114.21617287029,1206255674925.6174,388841477550.2371,817414197375.3804
829,2077.4166666666665,329,94943.2493942019,1205677339848.9758,389610718651.20874,816066621197.7671
830,2077.3333333333335,328,90576.96646126354,1203735783631.408,388309330406.86414,815426453224.5438
831,2077.4166666666665,329,106580.10004855874,1208186778406.2378,390061689840.7532,818125088565.4845
832,2077.3333333333335,328,89950.27743350383,1203982773349.3887,389393367803.8882,814589405545.5006
833,2077.4166666666665,329,95332.32308800545,1204902792429.9634,388414380532.803,816488411897.1605
834,2077.4166666666665,329,100353.71277663996,1205975656526.3933,389346193524.48395,816629463001.9093
835,2077.4166666666665,329,95039.80003077732,1205133516338.167,388895478232.2359,816238038105.9312
836,2077.3333333333335,328,100359.47883303366,1203469557777.3804,389070351749.50146,814399206027.8789
837,2077.4166666666665,329,92389.08205861998,1205219787037.3848,389130999897.5394,816088787139.8452
838,2077.4166666666665,329,96363.61027424345,1208047748874.7085,389601988150.5603,818445760724.1482
839,2077.4166666666665,329,90472.85392880705,1205441829189.483,389088201662.3126,816353627527.1704
840,2077.3333333333335,328,99244.59183962847,1204000030239.8982,389169663929.8772,814830366310.021
841,2077.3333333333335,328,94617.88919417908,1203262975665.943,388429806375.4121,814833169290.531
842,2077.3333333333335,328,94695.35950962674,1202340135799.4678,388888093669.65137,813452042129.8164
843,2077.3333333333335,328,97206.2104386769,1204439718613.753,389652189932.0465,814787528681.7065
844,2077.4166666666665,329,96594.67639236852,1205457567348.2773,389078610683.0286,816378956665.2487
845,2077.3333333333335,328,101244.41512394685,1204991867746.8145,389117475437.7557,815874392309.0587
846,2077.4166666666665,329,102639.86520353454,1205069448094.2122,388826533301.3689,816242914792.8433
847,2077.4166666666665,329,99523.87332739113,1207495683741.7312,388521472665.08386,818974211076.6473
848,2077.3333333333335,328,97101.14778423304,1204066609704.6719,389379060159.0359,814687549545.6361
849,2077.4166666666665,329,99277.712359016,1206000550211.9988,388942075568.9734,817058474643.0254
850,2077.3333333333335,328,95203.71636099483,1204326022408.899,388614224899.4784,815711797509.4205
851,2077.3333333333335,328,92730.16731080202,1202729172301.2476,388615225102.6658,814113947198.5817
852,2077.4166666666665,329,96305.13894915748,1206192806090.3418,389575240238.98157,816617565851.3601
853,2077.4166666666665,329,98580.91515897811,1205582505248.0378,388978469178.79736,816604036069.2405
854,2077.4166666666665,329,93657.65742895479,1205067418660.5486,388842828971.5548,816224589688.9938
855,2077.3333333333335,328,98906.84578780472,1204312813156.7095,388632435197.327,815680377959.3826
856,2077.4166666666665,329,94571.30738691447,1206140036340.9756,388966217764.811,817173818576.1646
857,2077.3333333333335,328,95243.68825054952,1204314924358.4053,389505195198.22205,814809729160.1833
858,2077.4166666666665,329,93240.85708987761,1206786853233.6973,389276504788.5035,817510348445.1937
859,2077.3333333333335,328,96783.7026760562,1204357694459.5977,388979574105.5409,815378120354.0566
860,2077.4166666666665,329,91415.5121895458,1205600761048.9817,388920961446.6167,816679799602.365
861,2077.4166666666665,329,92306.18925315014,1204949299225.1782,388749712775.48865,816199586449.6895
862,2077.3333333333335,328,99117.17663414642,1203939928754.8499,389187851795.5247,814752076959.3251
863,2077.4166666666665,329,100456.99997022355,1207622381519.8667,389178492336.87085,818443889182.9958
864,2077.4166666666665,329,93226.96709891321,1204551101996.0286,388246666568.38275,816304435427.6458
865,2077.3333333333335,328,98687.22711186891,1202967307102.854,389033544292.44946,813933762810.4044
866,2077.3333333333335,328,90268.57413426963,1203178801519.7905,389070698520.52313,814108102999.2673
867,2077.3333333333335,328,96346.94921722126,1203372996823.3174,389149332560.8353,814223664262.4822
868,2077.3333333333335,328,92784.85587941315,1204898781183.1755,390000193826.8402,814898587356.3353
869,2077.4166666666665,329,95046.34887855641,1207438803544.0063,389597969445.8369,817840834098.1694
870,2077.4166666666665,329,102186.8436235204,1204795567809.0718,388770878775.703,816024689033.3687
871,2077.3333333333335,328,88147.28709876112,1201363064485.6963,389307131602.31464,812055932883.3817
872,2077.3333333333335,328,100945.98163053498,1204213229382.9487,388955252974.08484,815257976408.864
873,2077.3333333333335,328,89115.20420275525,1203977961480.9683,388925723810.2236,815052237670.7448
874,2077.3333333333335,328,92758.96658323045,1203645152300.746,388630879993.6664,815014272307.0797
875,2077.3333333333335,328,92353.17153619169,1203994943629.0725,388625033553.68365,815369910075.3889
876,2077.4166666666665,329,93158.33467389552,1205467374901.621,389166092346.15295,816301282555.4681
877,2077.4166666666665,329,102214.61126244657,1206199314563.9504,389403779963.8771,816795534600.0734
878,2077.4166666666665,329,94352.31794583288,1204797790743.5657,388686895707.9484,816110895035.6172
879,2077.4166666666665,329,91783.19900182841,1206164008326.082,388682173552.43665,817481834773.6454
880,2077.3333333333335,328,93838.94960680627,1202250803666.8638,388598224589.65137,813652579077.2123
881,2077.3333333333335,328,88494.72990514128,1203324385828.7642,388971293709.82544,814353092118.9387
882,2077.3333333333335,328,90802.00284229584,1203480277216.9878,388931936229.1719,814548340987.8159
883,2077.3333333333335,328,97320.2370970275,1203984265367.582,389379730514.73267,814604534852.8495
884,2077.3333333333335,328,98949.8974567824,1202687563071.54,388855135301.93787,813832427769.602
885,2077.4166666666665,329,92322.01839394416,1205956775876.2766,389618580271.06885,816338195605.2078
886,2077.3333333333335,328,98930.59017506827,1203134336208.2058,389241304646.6042,813893031561.6016
887,2077.3333333333335,328,92346.83198057867,1203925963530.0374,388870973989.1187,815054989540.9187
888,2077.3333333333335,328,97344.7190748433,1204560992229.61,389082919144.0332,815478073085.5769
889,2077.4166666666665,329,98582.31619566938,1207479405105.317,389243008263.1817,818236396842.1353
890,2077.3333333333335,328,100010.52132978916,1203905946859.985,388792472948.1454,815113473911.8397
891,2077.3333333333335,328,89758.58937359187,1204730117707.935,389005946172.95264,815724171534.9824
892,2077.3333333333335,328,103262.50761364632,1204178463153.5435,389302123919.34485,814876339234.1986
893,2077.3333333333335,328,100036.38397317039,1204907278611.8794,389082359205.67944,815824919406.1998
894,2077.4166666666665,329,89414.18584260836,1206109061080.6772,388768546589.27625,817340514491.401
895,2077.4166666666665,329,93596.96642008066,1206406606656.9607,388828187576.73315,817578419080.2275
896,2077.3333333333335,328,95493.52118911166,1205124459568.3682,389485385414.61694,815639074153.7513
897,2077.4166666666665,329,98616.33808944936,1204701786158.0605,388789969595.96814,815911816562.0924
898,2077.3333333333335,328,89760.80678492697,1202849824815.168,388871038056.3955,813978786758.7725
899,2077.4166666666665,329,92182.49377827869,1204719251926.1875,388641627784.69995,816077624141.4874
900,2077.3333333333335,328,93040.59282208643,1204873434557.6584,389038345686.48083,815835088871.1776
901,2077.4166666666665,329,97501.6460043104,1205017981729.8462,388692208866.85974,816325772862.9866
902,2077.4166666666665,329,93787.23049150474,1205301954571.2979,388975558533.8579,816326396037.44
903,2077.3333333333335,328,100673.53865869528,1203734124859.2812,389009742421.2385,814724382438.0427
904,2077.4166666666665,329,91267.25194787812,1204742570937.3208,388775888887.5814,815966682049.7395
905,2077.4166666666665,329,102305.67150527769,1206305655460.3591,389224178033.9173,817081477426.4419
906,2077.4166666666665,329,92992.73424054592,1204819259372.2288,388874961175.00543,815944298197.2233
907,2077.4166666666665,329,94969.68319783101,1206788531126.663,389514815913.2031,817273715213.4601
908,2077.3333333333335,328,93465.28954147047,1202647944841.6865,388432063232.5879,814215881609.0988
909,2077.4166666666665,329,88100.94502276712,1205347394951.1714,389412516346.9475,815934878604.2239
910,2077.4166666666665,329,93626.04316920084,1205151268488.089,389082167126.0925,816069101361.9966
911,2077.4166666666665,329,95614.43947299216,1205524155037.1562,388347974291.6475,817176180745.5088
912,2077.4166666666665,329,92934.12996840647,1206343241931.6443,389711846731.54285,816631395200.1014
913,2077.4166666666665,329,101095.7993721129,1205723350818.0137,388995048799.1494,816728302018.8643
914,2077.3333333333335,328,95618.97795513678,1204327913549.4775,389425300052.51697,814902613496.9606
915,2077.4166666666665,329,96214.17195394226,1205824882952.4695,388984267320.86884,816840615631.6006
916,2077.3333333333335,328,100362.9570099588,1205540290177.618,389769305611.3243,815770984566.2936
917,2077.4166666666665,329,97889.3663310844,1207860579696.1565,389600473733.731,818260105962.4254
918,2077.3333333333335,328,88839.97766084166,1204658369162.0613,388836103733.25854,815822265428.8027
919,2077.4166666666665,329,100818.81526801347,1207352456001.3828,390193471930.3537,817158984071.029
920,2077.4166666666665,329,97389.75646635392,1205309597727.054,388770156580.4091,816539441146.6448
921,2077.4166666666665,329,99789.00036672846,1207189805900.223,389658328551.5664,817531477348.6565
922,2077.3333333333335,328,96819.091847945,1203225771336.8396,389251240063.2212,813974531273.6184
923,2077.4166666666665,329,98065.46796326191,1205531821907.8896,389009152319.8119,816522669588.0778
924,2077.3333333333335,328,98523.42714684278,1204466625667.7642,389022313079.8948,815444312587.8694
925,2077.3333333333335,328,96924.92040113245,1204018838605.1262,389078836769.3984,814940001835.7278
926,2077.4166666666665,329,96931.27987910842,1206742341279.1348,388573649902.143,818168691376.9917
927,2077.3333333333335,328,96360.1223802517,1203393468239.9072,388139984755.1078,815253483484.7996
928,2077.4166666666665,329,97625.63924447863,1207499621141.3909,389644030277.97784,817855590863.4131
929,2077.3333333333335,328,93972.09646543517,1204244656793.6692,389156729133.7775,815087927659.8917
930,2077.4166666666665,329,95372.74346390777,1204448499763.8984,388246076031.75464,816202423732.1437
931,2077.4166666666665,329,92446.32065208259,1205031568614.5896,388814733108.1129,816216835506.4767
932,2077.4166666666665,329,89989.21642466958,1205722294363.8862,389033394050.6394,816688900313.2467
933,2077.3333333333335,328,88634.12106741898,1204934250780.5417,389404845339.9292,815529405440.6125
934,2077.3333333333335,328,88352.7226228439,1203996967715.109,389011856764.5061,814985110950.6027
935,2077.4166666666665,329,95829.68120160647,1206201712134.1,389710897003.1217,816490815130.9785
936,2077.3333333333335,328,97594.38883297736,1203881777522.1992,389005704140.7564,814876073381.4429
937,2077.3333333333335,328,93725.21430890185,1203997955901.9219,389147533471.1334,814850422430.7883
938,2077.3333333333335,328,101775.04585686536,1204544879349.6963,389355998858.8486,815188880490.8478
939,2077.4166666666665,329,101829.89694146434,1206455804476.9905,389072904060.231,817382900416.7595
940,2077.3333333333335,328,93470.66167894928,1203993935942.2344,389163010330.64905,814830925611.5853
941,2077.4166666666665,329,96641.48277233979,1205564375067.4146,388759516202.37915,816804858865.0353
942,2077.3333333333335,328,90320.97314106533,1202247413952.5571,388696438864.5254,813550975088.0317
943,2077.3333333333335,328,91994.3960817509,1205584270751.976,389705612670.72107,815878658081.2549
944,2077.3333333333335,328,92125.88371388154,1204690065427.6797,389127074467.66187,815562990960.018
945,2077.4166666666665,329,101513.84155309327,1207167850865.3987,389279657021.48865,817888193843.91
946,2077.3333333333335,328,94159.82480764369,1202642370753.3906,388898531762.6956,813743838990.6951
947,2077.4166666666665,329,92985.89365580227,1206412948414.1055,389058281660.1063,817354666753.9993
948,2077.3333333333335,328,87677.14542253347,1204031094080.2954,388367279109.7167,815663814970.5786
949,2077.3333333333335,328,96719.12675590978,1204986646409.62,389364910025.1572,815621736384.4629
950,2077.4166666666665,329,92201.98974001133,1205703202306.7715,389264627895.6339,816438574411.1375
951,2077.4166666666665,329,95347.95286482696,1206005099669.2488,389279838118.67896,816725261550.5698
952,2077.3333333333335,328,90269.46398702567,1202985268368.9653,388212493396.0809,814772774972.8845
953,2077.4166666666665,329,94540.1625524649,1205641212723.3481,387919511816.58777,817721700906.7604
954,2077.4166666666665,329,105779.03113155978,1205489096302.9932,388784910657.1931,816704185645.8
955,2077.3333333333335,328,99496.91396825731,1204453434895.2075,389203689303.23975,815249745591.9677
956,2077.3333333333335,328,100000.47666280321,1204392124908.642,389770379938.8026,814621744969.8396
957,2077.3333333333335,328,85981.37569539309,1204392806928.9346,388776382979.4523,815616423949.4822
958,2077.4166666666665,329,95004.87160089458,1206382998685.6816,389512385332.6023,816870613353.0793
959,2077.3333333333335,328,97442.17726064094,1203432797209.1235,389031206890.5924,814401590318.531
960,2077.4166666666665,329,93307.85954722748,1204906113071.377,388918690187.2645,815987422884.1123
961,2077.3333333333335,328,89221.0429702673,1203334814073.2588,388628408338.98914,814706405734.2695
962,2077.3333333333335,328,90576.54750740659,1202911165191.2524,388830886194.8549,814080278996.3975
963,2077.4166666666665,329,102054.64164000175,1206844479972.934,389272907552.2262,817571572420.708
964,2077.4166666666665,329,97559.03995562956,1205176898053.7788,389226416932.4109,815950481121.3678
965,2077.3333333333335,328,87795.52841245817,1202997116077.044,388123713434.6013,814873402642.4427
966,2077.3333333333335,328,90283.21818463018,1203265970272.5798,389139167406.2404,814126802866.3394
967,2077.3333333333335,328,93944.87923497331,1204371409925.792,388585245710.76855,815786164215.0234
968,2077.4166666666665,329,95642.64686812184,1207851621121.019,389334697929.67883,818516923191.3401
969,2077.4166666666665,329,97695.73255990943,1206068026951.1543,389325966575.1218,816742060376.0325
970,2077.4166666666665,329,105989.33360935151,1206800606723.066,390099499707.56604,816701107015.4999
971,2077.3333333333335,328,89402.69668185752,1205071394329.419,389364698978.5277,815706695350.8911
972,2077.4166666666665,329,91729.66252273519,1204952670149.3032,388204757732.067,816747912417.2362
973,2077.3333333333335,328,90895.40714727968,1204322256369.7524,389060339521.2661,815261916848.4865
974,2077.4166666666665,329,95588.8314532809,1205913644020.9907,388349198133.7123,817564445887.2783
975,2077.3333333333335,328,93743.99024639894,1204633384813.5415,389551945090.77045,815081439722.771
976,2077.4166666666665,329,106313.86946873512,1206555108972.6577,389707378625.55383,816847730347.1038
977,2077.3333333333335,328,98149.83470904868,1204806346351.6758,389728555459.7359,815077790891.94
978,2077.4166666666665,329,102412.59996769358,1207022681182.352,389516696237.6522,817505984944.7
979,2077.3333333333335,328,94521.94524795329,1203643521138.7947,388386724097.8201,815256797040.9746
980,2077.4166666666665,329,84813.98438990087,1205118546875.565,388592504399.5513,816526042476.0137
981,2077.4166666666665,329,100691.99204513707,1206538420511.742,389536570916.43176,817001849595.3102
982,2077.4166666666665,329,97674.5053637424,1205373283385.8562,388882219107.0083,816491064278.8479
983,2077.4166666666665,329,94625.73435790226,1205430181066.465,388916447251.79346,816513733814.6716
984,2077.3333333333335,328,94598.87951855826,1205109608377.0566,389616920480.67365,815492687896.3829
985,2077.4166666666665,329,98282.65450130717,1205447950627.5024,389027090979.99286,816420859647.5096
986,2077.4166666666665,329,97531.30314179283,1205324660145.8794,388926919436.6688,816397740709.2107
987,2077.3333333333335,328,85381.68389149547,1202695776853.8584,389081212441.08374,813614564412.7747
988,2077.4166666666665,329,97418.4144499478,1204937845348.3628,389019579042.55945,815918266305.8032
989,2077.4166666666665,329,91545.8547375914,1206088771069.224,388608793474.5599,817479977594.6643
990,2077.4166666666665,329,92981.10629071797,1204567134894.148,388642066043.15137,815925068850.9966
991,2077.4166666666665,329,91281.71125051414,1204872028572.0027,389034119996.0668,815837908575.9359
992,2077.4166666666665,329,100018.74646649024,1205518406572.3608,389025726808.5801,816492679763.7808
993,2077.4166666666665,329,99551.01435162066,1207789076212.5425,389170023757.8087,818619052454.7338
994,2077.4166666666665,329,94709.11582384357,1205970032945.6465,388975647817.2366,816994385128.4099
995,2077.4166666666665,329,91715.78218314068,1204541078269.9612,388674834420.05994,815866243849.9012
996,2077.3333333333335,328,95337.05308834717,1204636600317.2378,389087023961.88684,815549576355.351
997,2077.3333333333335,328,94841.26043828993,1203787872667.15,389093946083.5437,814693926583.6062
998,2077.3333333333335,328,96509.64506018636,1203082955826.2822,387805882726.61414,815277073099.6682
999,2077.4166666666665,329,94188.30803601706,1206734035724.508,389605796433.2546,817128239291.2534
